range_names,meanAVP,meanMAT,meanMAP,meanbatpres,meanbirdrich,medianlong
Angophora bakeri,19.5058822407442,17.151111111111145,1035.9233333333334,0.9444444444444444,35.94444444444444,151.06
Angophora costata,17.516393426988945,17.008646616541387,1097.239097744361,0.9323308270676691,32.99248120300752,151.15
Angophora floribunda,23.148788985084085,16.939932885906074,844.4036912751678,0.9832214765100671,35.348993288590606,150.5
Angophora hispida,16.427536259526793,16.802083333333368,1088.4791666666667,0.875,32.3125,151.0927565
Angophora inopina,16.933333444595338,17.954761904761938,1127.409523809524,0.9523809523809523,30.333333333333332,151.57
Angophora leiocarpa,19.883116889309573,19.05189873417725,801.7113924050633,0.9873417721518988,33.9873417721519,150.98333335
Angophora melanoxylon,14.116402152984861,20.254761904761942,455.5079365079365,0.9523809523809523,26.206349206349206,146.7333333
Angophora robur,24.64285707473755,18.571428571428605,1181.5,1,37.57142857142857,152.92379375000002
Angophora subvelutina,29.253205207677986,17.375000000000036,987.0153846153846,1,37.70192307692308,152.12024000000002
Angophora woodsiana,21.18421055141248,19.355000000000032,1224.3925000000002,0.95,36.6,153.04622935
Corymbia abbreviata,9.028735621222134,27.575423728813597,905.0101694915255,1,20.576271186440678,129.3333
Corymbia abergiana,17.542635773503502,20.540697674418638,1523.7441860465117,1,39.04651162790697,145.5
Corymbia aparrerinja,12.228070201371846,23.574736842105295,359.71000000000004,0.28421052631578947,18.326315789473686,134.0595801
Corymbia arafurica,6.829787264478967,27.192307692307725,1516.2326923076923,0.9230769230769231,21.01923076923077,131.925
Corymbia arenaria,9.840579644493435,26.884782608695687,1206.621739130435,1,20.91304347826087,126.65
Corymbia arnhemensis,10.304347779439842,26.59130434782612,1409.5847826086958,1,22.73913043478261,132.90894809999998
Corymbia aspera,11.357456164924722,26.562987012987048,701.9512987012987,0.9415584415584416,19.655844155844157,133.19106925
Corymbia aureola,18.33333342415946,21.79285714285717,665,1,29.571428571428573,148.1667
Corymbia bella,8.112195131255358,26.992533936651615,1154.69185520362,0.918552036199095,19.873303167420815,131.8528
Corymbia blakei,8.561728336192944,22.994444444444476,387.1203703703704,0.42592592592592593,20.685185185185187,143.7634147
Corymbia bleeseri,6.489361661545773,26.880921052631614,1320.1763157894738,0.9342105263157895,20.05263157894737,131.8427528
Corymbia bloxsomei,15.622222296396892,19.6466666666667,682.2833333333334,1,33.233333333333334,150.875
Corymbia brachycarpa,6.905555574099223,22.22500000000003,588.2583333333333,1,23.466666666666665,145.73420065
Corymbia bunites,19.902777671813965,20.483333333333366,709.3125,1,32.5,149.12709999999998
Corymbia cadophora,9.034267964764176,27.311538461538493,902.1247863247863,0.905982905982906,18.641025641025642,125.0833
Corymbia calophylla,8.396530349901617,16.210294117647095,809.8378676470588,0,17.371323529411764,116.2506497
Corymbia candida,8.968085108919347,25.539947089947123,344.87142857142857,0.455026455026455,15.682539682539682,120.2513555
Corymbia chartacea,8.083333320087856,27.10250000000003,1506.8975,0.925,21.775,132.90059475
Corymbia chippendalei,9.834733838794612,23.858264462809952,328.6181818181818,0.04132231404958678,16.99173553719008,127.9325
Corymbia citriodora,22.70283009870997,20.132432432432466,927.231981981982,0.9819819819819819,33.2972972972973,150.515
Corymbia clandestina,13.952380793435234,21.921428571428596,621.3857142857144,1,26.714285714285715,147.3597343
Corymbia clarksoniana,16.139676091159405,22.411869158878538,1032.7441121495328,0.9252336448598131,29.72710280373832,146.2591822
Corymbia clavigera,13.208333253860474,27.126470588235332,1326.0058823529412,0.29411764705882354,7.764705882352941,125.5333333
Corymbia cliftoniana,15.294117516162348,27.444230769230803,840.8807692307693,1,21.134615384615383,128.7693732
Corymbia collina,11.361111104488373,26.358333333333366,881.6270833333334,1,19.1875,126.50110000000001
Corymbia confertiflora,9.355633776792338,26.18517241379314,982.3189655172414,0.9758620689655172,23.086206896551722,135.59968255
Corymbia dallachiana,13.71006939187646,23.653608247422714,945.9340206185567,0.9742268041237113,28.675257731958762,144.9726389
Corymbia dendromerinx,6.869565217391305,27.53076923076927,816.323076923077,0.8461538461538461,18.153846153846153,123.97565845
Corymbia deserticola,9.982843101024628,24.754411764705917,373.1558823529412,0.5147058823529411,16.66176470588235,121.363888
Corymbia dichromophloia,8.73282440624771,26.710000000000033,937.2253164556962,1,20.620253164556964,131.7333
Corymbia disjuncta,7.216666656732559,26.8556910569106,1443.6975609756098,0.959349593495935,22.54471544715447,132.1833
Corymbia dunlopiana,9.768518540594313,27.06643835616442,1440.4794520547946,0.9726027397260274,22.63013698630137,131.3345355
Corymbia ellipsoidea,13.553030404177578,22.150000000000034,986.4886363636364,1,32.34090909090909,145
Corymbia eremaea,16.1075757893649,21.19045454545458,311.56636363636363,0,17.086363636363636,131.797778
Corymbia erythrophloia,18.980915995954557,22.392641509433997,810.5184905660378,0.9924528301886792,29.973584905660378,146.53
Corymbia eximia,18.93452364206314,16.079824561403537,965.2666666666667,1,37.12280701754386,150.7166667
Corymbia ferriticola,11.20075759562579,24.156818181818217,322.51022727272726,0.36363636363636365,15.886363636363637,119.01626665
Corymbia ferruginea,6.568326937284506,26.763553113553147,1006.9553113553114,0.9597069597069597,19.263736263736263,132.2676824
Corymbia ficifolia,14.94444457689921,15.02647058823532,1020.1411764705883,0,15.823529411764707,116.9166667
Corymbia flavescens,7.299492386391925,26.901515151515188,591.0565656565657,0.9696969696969697,18.08080808080808,127.71860000000001
Corymbia foelscheana,7.699186980724335,27.01848484848488,1390.8818181818183,0.9818181818181818,21.921212121212122,132.00121
Corymbia gilbertensis,9.711711709563797,24.963513513513544,738.7648648648649,1,22.89189189189189,143.4244866
Corymbia grandifolia,7.540579693213753,27.06392405063295,1031.1367088607597,0.9662447257383966,20.645569620253166,131.3244
Corymbia greeniana,7.900000012318293,27.114984227129373,963.7567823343849,0.9463722397476341,19.769716088328074,126.5667
Corymbia gummifera,20.406551011035898,17.27592592592596,1145.3507936507938,0.9259259259259259,33.2010582010582,151.37
Corymbia haematoxylon,5.61728392706977,16.900000000000038,816.4035714285715,0,15.785714285714286,115.64165
Corymbia hamersleyana,10.91052629320245,25.670618556701065,352.4690721649485,0.8969072164948454,14.603092783505154,117.70416665
Corymbia hendersonii,22.075757785276934,19.781818181818213,705.5931818181818,1,31.59090909090909,148.93916785
Corymbia henryi,28.925287164490797,19.133050847457664,1103.1949152542372,1,37.50847457627118,152.9333
Corymbia hylandii,12.653333282470703,24.27727272727276,1118.6545454545455,0.974025974025974,31.25974025974026,144.75
Corymbia intermedia,23.263459362934544,20.322023809523845,1370.9169642857144,0.8601190476190477,30.833333333333332,151.79835
Corymbia jacobsiana,7.328124947845936,26.482812500000033,1372.9437500000001,0.984375,21.46875,132.8672452
Corymbia karelgica,9.977777830759685,27.023333333333365,957.5266666666668,1,19.866666666666667,127.27
Corymbia kombolgiensis,9.445692895503527,26.6672043010753,1354.6655913978495,0.967741935483871,20.333333333333332,133
Corymbia lamprophylla,10.623456765104223,22.201851851851885,710.2833333333334,1,26.11111111111111,146.10152775
Corymbia latifolia,7.243362812869317,26.71767241379314,1317.8676724137931,0.9741379310344828,20.79741379310345,131.6192742
Corymbia leichhardtii,13.212765965901369,21.783333333333367,863.7780141843972,1,30.24822695035461,145.5091936
Corymbia lenziana,7.829268298498014,23.078048780487837,255.89024390243904,0.15853658536585366,15.707317073170731,118.10291000000001
Corymbia leptoloma,12.111111005147299,19.766666666666698,1429.1000000000001,1,39,146.07920000000001
Corymbia ligans,13.686274584601907,22.797058823529447,804.0764705882353,1,27.058823529411764,144.4661
Corymbia maculata,20.521126747131348,16.702000000000034,996.9866666666667,0.96,33.57333333333333,151.05
Corymbia nesophila,10.049462327649517,25.805621301775183,1585.5094674556215,0.8875739644970414,24.390532544378697,142.65
Corymbia novoguinensis,8.000000043919211,26.087735849056635,1822.9924528301888,0.8113207547169812,20.452830188679247,142.4167
Corymbia oocarpa,9.495495506235072,26.850000000000037,1398.1594594594596,1,23.054054054054053,132.7769
Corymbia opaca,10.10459432294292,24.7353801169591,418.546783625731,0.391812865497076,17.567251461988302,128.93458335
Corymbia pachycarpa,6.39393934878436,26.54772727272731,649.6522727272728,1,17.59090909090909,129.5332303
Corymbia papillosa,7.704545465382663,26.679411764705918,1411.3921568627452,0.8823529411764706,19.15686274509804,134.3764581
Corymbia papuana,5.427083313465118,26.10675675675679,1581.3918918918919,0.8378378378378378,24.135135135135137,142.6508685
Corymbia paractia,3.25,26.87500000000003,755.9250000000001,0.625,12.875,122.25
Corymbia pauciseta,6.357142806053162,26.61500000000003,1385.115,0.65,12.85,136.37513
Corymbia peltata,16.79853478892819,22.257608695652205,830.6423913043478,1,27.66304347826087,145.2916667
Corymbia petalophylla,24.433333587646484,20.27000000000003,703.1200000000001,1,32.4,151.1726482
Corymbia plena,7.426666688919068,22.542000000000034,561.722,1,23.1,145.7862626
Corymbia pocillum,7.616915457284272,25.69328358208958,801.8417910447762,1,23.029850746268657,142.8624419
Corymbia polycarpa,7.44135020775131,26.608581235697976,1101.7759725400458,0.9061784897025171,19.601830663615562,132.8469865
Corymbia polysciada,6.885780896340217,27.105844155844192,1483.1402597402598,0.9415584415584416,21.318181818181817,131.59320000000002
Corymbia porrecta,6.303418825834226,27.27771084337353,1625.453012048193,0.9156626506024096,20.662650602409638,132.3345289
Corymbia ptychocarpa,9.606589160686315,26.859142857142892,1242.6988571428572,0.9714285714285714,21.02285714285714,132.3678737
Corymbia rhodops,17.44444449742635,20.116666666666703,1307.15,1,37.666666666666664,145.23345555
Corymbia scabrida,15.6363637230613,21.12272727272731,628,1,30,147.55
Corymbia serendipita,12.358974365087656,23.384615384615415,680.5846153846154,0.7692307692307693,21.5,143.6682
Corymbia setosa,7.849397567381342,24.894910179640753,695.4209580838324,0.9820359281437125,22.419161676646706,143.1583
Corymbia sp. Pentland Hills (P.I.Forster+ PIF16644),20.66666603088379,20.950000000000045,758.2,1,23,145.5241901
Corymbia sp. Prince Regent River (R.L.Barrett & M.D.Barrett RLB 3750),7.666666507720947,25.75000000000004,1298.3333333333335,1,21,125.23925
Corymbia sp. Springsure (M.I.Brooker 9786),19.66666603088379,21.150000000000034,721.6,1,30,148.2091744
Corymbia sphaerica,9.666666689373198,25.350000000000037,421.3,0.3333333333333333,16.738095238095237,133.57695
Corymbia stockeri,11.506561692305437,24.499629629629666,1323.6200000000001,0.9481481481481482,29.31851851851852,144.0591926
Corymbia terminalis,10.586724803891293,24.41526162790701,514.0588662790698,0.5944767441860465,19.738372093023255,135.517376
Corymbia tessellaris,17.276867028794,22.73947368421056,1161.643062200957,0.8708133971291866,27.952153110047846,145.9175539
Corymbia torelliana,18.348485014655374,22.313636363636395,1943.3363636363638,1,39,145.5833
Corymbia torta,11.166666620307499,26.301282051282087,1197.5410256410257,0.9230769230769231,19.333333333333332,126.20125350000001
Corymbia trachyphloia,18.623066090330294,19.979674796748004,813.3260162601626,0.9715447154471545,31.959349593495936,149.4171065
Corymbia umbonata,4.505952396563122,26.475000000000033,1036.7196428571428,1,20.321428571428573,132.93476535000002
Corymbia watsoniana,20.490421503439716,20.350000000000033,715.951724137931,1,32.804597701149426,149.83
Corymbia xanthope,15.90476199558803,22.32333333333337,874.6066666666667,0.9333333333333333,29.866666666666667,150.23
Corymbia zygophylla,6.4600551049571395,27.119600000000034,531.7064,0.904,17.016,122.55
Eucalyptus abdita,4.041666656732559,18.850000000000037,514.7888888888889,0,19.555555555555557,115.6
Eucalyptus absita,3.9629629717932806,18.361111111111143,530.4444444444445,0,20.77777777777778,115.6
Eucalyptus acaciiformis,27.993939417058773,12.690000000000033,1006.6636363636364,1,38.472727272727276,152.0777778
Eucalyptus accedens,5.442244203964083,17.658910891089146,530.1188118811881,0,21.14851485148515,116.2656422
Eucalyptus acies,17.212121313268486,15.375000000000043,654.2666666666667,0,18.25,118.39642835
Eucalyptus acmenoides,22.891566316765473,19.733526011560727,1180.241907514451,0.9653179190751445,34.96531791907515,151.175
Eucalyptus acroleuca,9.820512936665462,26.388461538461573,1045.1769230769232,1,29.923076923076923,144.2116667
Eucalyptus adesmophloia,9.859437778771643,15.241954022988539,561.9356321839081,0,17.528735632183906,118.2563889
Eucalyptus aequioperta,4.575757554083159,17.950000000000035,319.70303030303035,0,21.09090909090909,118.8238889
Eucalyptus agglomerata,19.31690143531477,14.430272108843575,916.612925170068,0.9795918367346939,34.265306122448976,150.0833
Eucalyptus aggregata,15.241545925969662,12.147101449275393,774.0014492753623,1,34.405797101449274,149.6667
Eucalyptus alatissima,10.761904784611293,19.671428571428603,255.85714285714286,0,14.571428571428571,128.50947265000002
Eucalyptus alba,6.956386296548576,27.031981981982018,1428.30990990991,0.9819819819819819,21.99099099099099,132.4
Eucalyptus albens,22.28025479073737,15.327987421383682,665.224213836478,0.9371069182389937,35.361635220125784,148.88331664999998
Eucalyptus albida,4.876543217235142,16.55277777777781,398.2842592592593,0,21.76851851851852,118.0467
Eucalyptus albopurpurea,13.994252879044105,15.465277777777812,566.1333333333333,0.027777777777777776,18.84722222222222,136.67556555
Eucalyptus alipes,4.574879224749579,16.499295774647923,350.27464788732397,0,21.549295774647888,119.3667
Eucalyptus alligatrix,22.862744836246264,12.908823529411801,960.3058823529412,1,36.1764705882353,146.117645
Eucalyptus ammophila,5.65476188489369,21.86785714285718,575.5892857142858,1,24,146.04669955
Eucalyptus amplifolia,21.520146603112693,15.283152173913077,906.8108695652174,0.9945652173913043,36.55978260869565,150.89
Eucalyptus amygdalina,19.5654450336676,11.268137254901996,858.5534313725491,0.00980392156862745,11.980392156862745,147.28307949999999
Eucalyptus ancophila,26.208333492279053,17.82500000000004,1282.3,1,36,152.815
Eucalyptus andrewsii,28.60869572473609,15.577173913043515,898.9663043478262,1,38.68478260869565,151.68331665
Eucalyptus angophoroides,17.12643682545629,13.821186440677998,832.977966101695,1,29.576271186440678,148.72
Eucalyptus angularis,5.5000001192092896,19.10000000000005,574.05,0,21,115.25
Eucalyptus angulosa,13.47652583390894,15.751183431952699,543.0674556213017,0.0650887573964497,17.076923076923077,122.5
Eucalyptus angustissima,6.304347805354906,16.388461538461573,431.35769230769233,0,19.346153846153847,121.5339319
Eucalyptus annettae,7.5,16.10000000000005,501.70000000000005,0,20,123.7
Eucalyptus annulata,7.552083346992731,15.593939393939426,404.99848484848485,0,19.863636363636363,118.90018735000001
Eucalyptus annuliformis,4.444444417953491,18.150000000000016,568.5666666666667,0,21,115.7
Eucalyptus apiculata,18.983050750473797,13.616666666666697,911.585,1,38.61666666666667,150.325
Eucalyptus apodophylla,7.5787545298482035,26.642307692307725,1181.1626373626375,1,20.912087912087912,127.2833
Eucalyptus apothalassica,19.878205079298752,19.155769230769263,691.2173076923077,1,34.01923076923077,151.0382131
Eucalyptus approximans,39.50000015894572,13.80833333333337,1346.5,1,39.083333333333336,152.70835
Eucalyptus aquilina,10.55555534362793,16.366666666666713,691.1333333333334,0,10,122.1
Eucalyptus arachnaea,5.060344821420209,18.744017094017128,403.9623931623932,0,21.65811965811966,115.8330556
Eucalyptus arborella,7.518518500857883,16.08636363636367,452.83636363636367,0,17.90909090909091,119.5
Eucalyptus arcana,19.66666603088379,13.883333333333383,864.4000000000001,0.6666666666666666,17.333333333333332,140.55
Eucalyptus archeri,30.192982523064863,7.176315789473716,1252.578947368421,0,13.447368421052632,146.802607
Eucalyptus arenacea,20.01754385128356,14.67434782608699,506.0739130434783,0.5739130434782609,33.14782608695652,140.850278
Eucalyptus arenicola,16.129629611968994,14.105000000000029,639.82,0.95,24.5,147.15
Eucalyptus argillacea,8.7843137067907,27.32647058823532,833.3588235294118,1,19.11764705882353,126
Eucalyptus argophloia,19.88888874053955,19.6366666666667,654.9200000000001,1,33.53333333333333,150.8047597
Eucalyptus argutifolia,8.416666567325592,18.470000000000034,713.35,0,16.8,115.65
Eucalyptus aridimontana,30.859649005689118,22.85000000000004,443.8684210526316,1,15.578947368421053,117.7806
Eucalyptus armillata,4.836363649368286,18.422727272727307,354.37454545454545,0,21.654545454545456,116.9227778
Eucalyptus aromaphloia,17.414965960444235,12.475490196078464,697.9960784313726,1,32.431372549019606,143.4
Eucalyptus articulata,6.666666507720947,18.55000000000001,291.6,0,16,123.3
Eucalyptus aspersa,6.238095232418606,15.855357142857175,629.7982142857144,0,19.375,116.58034665
Eucalyptus aspratilis,6.4074074029922485,17.06944444444448,349.2666666666667,0,21.055555555555557,120.62423820000001
Eucalyptus assimilans,11.433333253860473,16.99000000000003,335.76000000000005,0,16.6,123.2178155
Eucalyptus astringens,7.159292031178432,15.707894736842139,438.2666666666667,0,20.05263157894737,118.03335
Eucalyptus atrata,19.548387250592633,20.633870967741966,1278.125806451613,1,38.03225806451613,145.2842431
Eucalyptus aurifodina,15.88888888888889,12.816666666666707,618.9333333333334,1,35.22222222222222,143.7333
Eucalyptus austrina,6.861111130979326,16.085135135135168,417.02432432432437,0,20.89189189189189,119.985556
Eucalyptus badjensis,21.636363636363637,10.968181818181852,860.8636363636364,1,31.181818181818183,149.5009921
Eucalyptus baeuerlenii,24.31250023841858,12.356250000000038,922.2875,1,32.625,149.9
Eucalyptus baileyana,26.27044026356823,19.491509433962296,923.4056603773586,1,35.943396226415096,152.2924695
Eucalyptus baiophylla,8.530302979729392,23.623076923076958,238.8423076923077,0.9230769230769231,12.923076923076923,113.85
Eucalyptus bakeri,19.15909092534672,19.497727272727307,659.7125000000001,1,31.75,150.51748715
Eucalyptus balladoniensis,11.309523940086365,17.12857142857147,335.7035714285714,0,17.392857142857142,123.56680555
Eucalyptus bancroftii,19.0000000520186,19.565517241379347,1271.5724137931036,0.9137931034482759,34.275862068965516,152.9667
Eucalyptus banksii,33.17610051496973,14.057547169811356,881.9981132075472,1,39.943396226415096,151.7225
Eucalyptus barberi,18.703703721364338,11.444736842105298,720.9105263157895,0,13.736842105263158,148.001013
Eucalyptus baudiniana,5.314814819229974,20.05555555555559,341.84444444444443,0,20.833333333333332,115.09819445
Eucalyptus baueriana,17.196078482796164,14.842753623188441,784.2797101449275,0.9565217391304348,30.6231884057971,149.7
Eucalyptus baxteri,18.477192979109915,13.934280936454883,730.1040133779264,0.8060200668896321,28.418060200668897,141.25
Eucalyptus beaniana,18.370370441012913,20.294444444444466,690.8777777777779,1,32.77777777777778,150.25
Eucalyptus beardiana,3.450000011920929,21.340476190476224,286.24285714285713,0.3333333333333333,18.19047619047619,114.6
Eucalyptus behriana,17.818840572799463,15.287857142857176,441.37428571428575,0.6,33.73571428571429,142.48335
Eucalyptus bensonii,24.8717952141395,13.503846153846185,837.0307692307692,1,39.53846153846154,150.4208333
Eucalyptus benthamii,17.925925890604656,15.905555555555585,857.3555555555556,1,39,150.63
Eucalyptus beyeriana,16.144654148029833,16.170370370370406,805.5185185185186,1,37.925925925925924,150.3094962
Eucalyptus bigalerita,7.68124999254942,26.994785276073653,1165.1723926380369,0.9815950920245399,20.78527607361963,131.6667
Eucalyptus blakelyi,19.01789079412902,14.711299435028284,716.9790960451978,1,36.23163841807909,149.15
Eucalyptus blaxellii,5.592592557271321,19.710000000000036,427.8,0,19.2,114.6
Eucalyptus blaxlandii,21.184615384615384,13.079230769230804,896.1861538461538,1,37.38461538461539,150.17
Eucalyptus boliviana,34,13.050000000000011,919.2,1,39,151.9194444
Eucalyptus bosistoana,16.156249910593033,14.680985915492995,850.6563380281691,0.9577464788732394,31.056338028169016,150
Eucalyptus botryoides,17.01058200049022,15.988461538461571,1011.9833333333333,0.8205128205128205,25.03846153846154,150.22500000000002
Eucalyptus brachyandra,11.931623966265947,27.109259259259293,1191.4716049382716,0.9506172839506173,19.77777777777778,128.75
Eucalyptus brachycalyx,16.43016281225994,16.687500000000036,339.61850000000004,0.0575,23.4325,135.917639
Eucalyptus brandiana,6.666666746139526,16.416666666666703,496.4666666666667,0,20.333333333333332,119.6
Eucalyptus brassiana,11.006230499142799,25.356086956521775,1480.784347826087,0.9217391304347826,27.94782608695652,143.55
Eucalyptus brevifolia,9.109477108600093,27.139705882352978,733.2666666666667,0.9950980392156863,19.426470588235293,129.05958950000002
Eucalyptus brevipes,4.291666656732559,18.650000000000034,307.75,0,21.75,118.5
Eucalyptus brevistylis,12.03333330154419,15.130000000000035,1060.01,0,15.6,116.9
Eucalyptus bridgesiana,20.442424177689986,13.460108303249134,768.2382671480145,1,36.08664259927798,149.43
Eucalyptus brockwayi,7.527777791023254,17.20714285714289,343.75714285714287,0,19.785714285714285,121.7
Eucalyptus brookeriana,19.360465105189835,11.344382022471947,1015.4629213483147,0.25842696629213485,16.528089887640448,145.6653
Eucalyptus broviniensis,24.333333015441895,19.400000000000034,769.35,1,34,151.27611875
Eucalyptus brownii,13.15591396247187,22.725000000000033,685.266129032258,1,27.169354838709676,145.93102635
Eucalyptus bunyip,17.333333651224773,13.216666666666717,1085.4333333333334,1,30.333333333333332,145.6408
Eucalyptus buprestium,9.711111132303873,15.14782608695656,538.6869565217391,0,17.847826086956523,118.39352865000001
Eucalyptus burdettiana,6.5,16.200000000000045,464.70000000000005,0,21,120
Eucalyptus burgessiana,18.788461520121647,15.175000000000034,1113.8166666666666,0.8333333333333334,29.5,150.56835
Eucalyptus burracoppinensis,3.934108534524607,17.60116279069771,343.0069767441861,0,20.96511627906977,118.4666667
Eucalyptus cadens,16.50000023841858,13.825000000000031,834.7,1,36.125,146.60388885
Eucalyptus caesia,4.913580241026701,17.59074074074077,388.41851851851857,0,21.22222222222222,118.5
Eucalyptus cajuputea,20.2511415742848,16.248630136986336,342.6,0,26.301369863013697,138.37
Eucalyptus calcareana,13.947517713587334,16.960288065843656,325.74732510288067,0,19.23045267489712,134.7230526
Eucalyptus calcicola,16.900000047683715,15.9966666666667,829.1066666666667,0,12.2,118.6
Eucalyptus caleyi,25.189393975517966,16.078571428571465,735.3582417582418,1,38.75824175824176,151.230613
Eucalyptus calidissima,18.66666603088379,16.850000000000023,920.8000000000001,1,39,151.2603
Eucalyptus caliginosa,27.406432712287234,13.730869565217427,881.333043478261,1,39.48695652173913,151.8833
Eucalyptus calycogona,12.858283429326649,16.24762845849806,368.8699604743083,0.10276679841897234,25.280632411067195,135.74055859999999
Eucalyptus calyerup,5.833333373069763,15.075000000000031,411.625,0,19.75,118.8
Eucalyptus camaldulensis,13.925987754985234,21.65246710526319,525.803399122807,0.6222587719298246,23.069627192982455,138.86668350000002
Eucalyptus cambageana,14.882183897084204,22.146551724137964,619.6818965517242,1,28.57758620689655,147.61750765
Eucalyptus cameronii,26.453488283379134,14.808139534883752,1063.2279069767442,1,37.31395348837209,152.10833335
Eucalyptus camfieldii,14.268817194046512,17.011290322580678,1165.1000000000001,0.8387096774193549,30.967741935483872,151.22
Eucalyptus campanulata,32.77666659355164,15.023267326732709,1087.930693069307,1,37.92079207920792,152.21
Eucalyptus campaspe,6.860215033254316,18.020967741935515,311.0161290322581,0,20.387096774193548,121.3167
Eucalyptus camphora,22.059259301644783,12.363235294117683,911.8411764705883,1,33.794117647058826,148.04165
Eucalyptus canaliculata,21.318518511454265,17.013829787234076,995.0106382978723,0.9787234042553191,35.06382978723404,151.5833333
Eucalyptus canescens,13.855345923945588,19.47830188679249,228.43396226415095,0,13.320754716981131,130.4136078
Eucalyptus canobolensis,23.166666507720947,11.950000000000031,821.6750000000001,1,37.75,149.015
Eucalyptus capillosa,4.698513811560953,17.81242038216564,339.8949044585988,0,20.554140127388536,118.7
Eucalyptus capitanea,10.083333253860474,17.25000000000003,275.85,0,17,133.41666665
Eucalyptus capitellata,16.249999934976753,17.081914893617054,1092.0893617021277,0.9787234042553191,32.851063829787236,151.2167
Eucalyptus captiosa,6.774358980472272,15.419230769230804,401.16307692307697,0,20.83076923076923,119.0911
Eucalyptus carnea,26.223140428874117,18.042000000000037,1155.2144,0.992,36.872,152.5333333
Eucalyptus carnei,7.8707482571504555,20.97307692307696,264.57884615384614,0,17.115384615384617,121.22654785
Eucalyptus carolaniae,12.666666984558105,14.150000000000034,772.8000000000001,1,29,145.0231
Eucalyptus castrensis,14.333333015441895,17.150000000000034,846.2,1,39,151.2405556
Eucalyptus celastroides,5.936507952402509,17.942523364486018,333.90093457943925,0.003115264797507788,20.735202492211837,119.6447222
Eucalyptus cephalocarpa,16.100000035762786,13.540123456790157,841.1728395061729,1,30.40740740740741,145.7667
Eucalyptus ceracea,9.2380952835083,26.721428571428607,1024.6714285714286,1,20.142857142857142,127.5
Eucalyptus cerasiformis,5.909090865742076,16.95000000000003,351.4818181818182,0,20.363636363636363,120.5
Eucalyptus ceratocorys,8.248677253723145,18.070312500000036,308.97812500000003,0,19.671875,123.29165
Eucalyptus cernua,7.942029051158739,15.906521739130463,410.504347826087,0,21.043478260869566,120.1070167
Eucalyptus chapmaniana,33.31707312421101,10.190476190476224,1176.0809523809523,1,32.5,147.07665
Eucalyptus chartaboma,9.948717883000008,24.26730769230772,867.7576923076923,1,27.653846153846153,144.4155485
Eucalyptus chloroclada,18.34326241472934,19.035957446808546,624.1906382978724,1,31.893617021276597,149.5211
Eucalyptus chlorophylla,7.307770973334283,26.267125382263032,885.3516819571865,0.9877675840978594,23.045871559633028,138.0053281
Eucalyptus cinerea,15.539682569957915,12.864285714285751,737.9476190476191,1,34.23809523809524,149.1833333
Eucalyptus cladocalyx,18.124999931880406,15.394262295082003,528.7098360655738,0.01639344262295082,22.016393442622952,136.7778333
Eucalyptus clelandiorum,6.935779777141886,19.50405405405409,298.24954954954956,0,19.90990990990991,120.481389
Eucalyptus clivicola,7.2843137699015,15.695714285714317,417.7771428571429,0,20.62857142857143,120.0433333
Eucalyptus cloeziana,20.611979190260172,20.802343750000034,975.8328125,1,33.515625,148.94168335
Eucalyptus cneorifolia,14.922222264607747,15.207142857142891,572.44,0.2571428571428571,21,137.7167
Eucalyptus coccifera,31.238095272155036,7.519892473118314,1325.6849462365592,0,12.559139784946236,146.675
Eucalyptus codonocarpa,35.679012298583984,13.746296296296329,1094.6703703703704,1,39.7037037037037,152.2
Eucalyptus comitae-vallis,5.681265209713121,19.13848920863313,317.2985611510791,0,20.66906474820144,117.52
Eucalyptus concinna,11.292168663926871,19.33738738738742,258.73303303303305,0,16.35135135135135,127.0333333
Eucalyptus conferruminata,14.533333444595337,16.09444444444448,684.2111111111111,0,9.5,121.94569445
Eucalyptus conferta,15.333333015441895,12.850000000000023,705.4000000000001,1,38,144.2353
Eucalyptus confluens,14.085470077319023,27.608536585365886,862.9463414634147,1,20.341463414634145,128.2202123
Eucalyptus conglobata,8.835703023802047,15.934615384615418,452.84841628959276,0.02262443438914027,19.16289592760181,120.3667
Eucalyptus conglomerata,11.923076813037579,20.165384615384653,1529.3307692307694,1,38.46153846153846,153
Eucalyptus conica,23.599229277902946,16.981791907514484,691.1421965317919,1,36.46820809248555,151.0333
Eucalyptus consideniana,17.035398179450922,14.204237288135626,939.4008474576272,0.9915254237288136,31.5,149.9167
Eucalyptus conspicua,16.039215779771993,13.75196078431376,828.4313725490197,1,28.901960784313726,147.6333
Eucalyptus conveniens,4.280000019073486,19.082000000000036,490.488,0,21.84,115.35
Eucalyptus coolabah,14.827016549624785,22.618017366136066,357.37351664254703,0.40086830680173663,19.483357452966715,139.0496522
Eucalyptus cooperiana,9.581395348837209,16.317391304347858,478.33478260869566,0,18.891304347826086,123.39168335
Eucalyptus copulans,19.83333396911621,11.900000000000034,1165.4,1,39,150.35500000000002
Eucalyptus cordata,19.884057998657227,10.91538461538465,791.2423076923077,0.038461538461538464,11.076923076923077,147.234781
Eucalyptus cornuta,14.588541686534882,15.322839506172873,733.6802469135803,0,14.975308641975309,118
Eucalyptus coronata,7.666666666666667,16.42500000000004,475.9,0,15.25,119.85
Eucalyptus corrugata,5.631944427887599,18.750000000000036,316.05,0,20.9375,119.275
Eucalyptus corticosa,21.999999727521622,13.164285714285743,835.4857142857144,1,40.857142857142854,150.23
Eucalyptus corynodes,19.14492777119512,20.045652173913076,701.7565217391304,1,32.04347826086956,150.1758211
Eucalyptus cosmophylla,15.286384945184412,14.880666666666702,644.628,0.5333333333333333,25.613333333333333,138.3
Eucalyptus crebra,18.799047592480978,20.800370370370405,844.6050925925927,0.9722222222222222,31.310185185185187,148.9167
Eucalyptus crenulata,24.99999976158142,12.550000000000031,994.8000000000001,1,34.166666666666664,145.66066495
Eucalyptus creta,7.259259197447035,16.416666666666703,406.6888888888889,0,19.444444444444443,122.5
Eucalyptus cretata,13.904762050083706,16.312857142857176,352.49428571428575,0,23.457142857142856,136.2
Eucalyptus crispata,3.923076941416814,19.30384615384619,447.02307692307693,0,22.46153846153846,115.4
Eucalyptus croajingolensis,19.76016269079069,12.373170731707349,890.0780487804878,1,29.4390243902439,148.2625
Eucalyptus crucis,4.7482993310811565,18.480612244897994,324.00816326530617,0,21.20408163265306,118.5
Eucalyptus cullenii,11.534136566771082,24.121264367816124,1211.4224137931035,0.9597701149425287,30.43103448275862,144.64359000000002
Eucalyptus cunninghamii,22.515151370655406,13.040909090909116,1008.9727272727273,1,38.90909090909091,150.35
Eucalyptus cuprea,4.777777735392252,19.75625000000004,386.11875000000003,0,19.8125,114.7
Eucalyptus cupularis,9.50427342683841,26.424358974359006,602.9641025641026,1,18.46153846153846,129
Eucalyptus curtisii,22.685534522218525,19.595283018867956,884.3792452830189,1,35.283018867924525,151.3591404
Eucalyptus cyanophylla,18.844444465637206,17.123333333333367,274.6706666666667,0,31.186666666666667,140.6833
Eucalyptus cyclostoma,12.598039248410393,17.57941176470592,304.84117647058827,0,15.647058823529411,123.57626049999999
Eucalyptus cylindriflora,5.796747969418037,16.74397590361449,358.3493975903615,0,19.91566265060241,121.0083333
Eucalyptus cylindrocarpa,7.488888905445735,17.662295081967244,319.49344262295085,0,18.565573770491802,121.68541665000001
Eucalyptus cypellocarpa,20.68314318783836,13.124444444444478,885.2670370370371,0.9814814814814815,33.25185185185185,149.51
Eucalyptus dalrympleana,24.258757090164444,11.092567567567603,928.9712837837839,0.8141891891891891,31.27027027027027,149.0979
Eucalyptus dalveenica,22.5,15.250000000000028,824.8000000000001,1,40.5,152.00271
Eucalyptus dawsonii,20.760683744381634,16.647500000000033,662.8775,1,40.35,150.38335
Eucalyptus dealbata,21.52380954367774,16.34911504424782,679.516371681416,1,36.80530973451327,150.64814705
Eucalyptus deanei,25.4484125773112,15.075000000000033,974.3011363636364,0.9886363636363636,38.19318181818182,151.6833
Eucalyptus decipiens,8.840000023841858,17.196428571428605,704.3517857142857,0,18.053571428571427,115.7405966
Eucalyptus decolor,29.77777756585015,19.50555555555558,991.7888888888889,1,35,151.7
Eucalyptus decorticans,21.43253969578516,19.94529411764709,677.9894117647059,1,31.88235294117647,149.9833
Eucalyptus decurva,9.004273518537863,15.847500000000032,577.8050000000001,0,19.275,117.93125
Eucalyptus deflexa,4.296296296296297,15.983333333333363,348.52962962962965,0,21.11111111111111,120
Eucalyptus delegatensis,28.915686259550206,8.760919540229919,1099.1310344827587,0.4482758620689655,21.32183908045977,147.0738495
Eucalyptus delicata,7.361111044883728,17.02083333333337,351.22083333333336,0,19.625,121.4444278
Eucalyptus dendromorpha,22.017093854072765,13.493589743589771,1111.4384615384615,1,35.794871794871796,150.3833
Eucalyptus densa,5.937694701078896,15.851851851851885,394.03611111111115,0,20.65740740740741,119.54348164999999
Eucalyptus denticulata,23.543859582198294,10.176315789473719,972.2105263157895,1,29.526315789473685,148.7833
Eucalyptus depauperata,5.076388905445735,15.947916666666698,367.3520833333333,0,21.333333333333332,120.01237499999999
Eucalyptus desmondensis,9.033333349227906,15.810000000000036,395.55,0,21,120.1
Eucalyptus deuaensis,21.833333492279053,13.475000000000037,855.05,1,33,149.7917
Eucalyptus dielsii,6.333333352516437,15.950000000000028,411.78275862068966,0,20.482758620689655,120.8506548
Eucalyptus diminuta,4.911764712894664,19.755882352941207,403.41470588235296,0.029411764705882353,21.941176470588236,115.1188889
Eucalyptus diptera,6.940740754869249,16.610869565217424,368.1,0,19.565217391304348,121.3175
Eucalyptus discreta,10.444444449051566,16.386619718309895,435.43521126760567,0,19.12676056338028,122.9989
Eucalyptus dissimulata,6.878345534749275,16.107246376811627,376.1927536231884,0,20.485507246376812,119.49944445
Eucalyptus distans,5.8965517159166,26.568965517241413,1053.9758620689656,1,21.03448275862069,132.80835000000002
Eucalyptus distuberosa,4.839506193443581,17.63928571428575,335.07500000000005,0,21.25,120.3723611
Eucalyptus diversicolor,15.049645383307274,15.178571428571459,1013.9448979591837,0,14.591836734693878,116.1563014
Eucalyptus diversifolia,17.036405010028098,15.804294478527641,478.6699386503068,0.254601226993865,21.75153374233129,136.99861099999998
Eucalyptus dives,19.273420520857268,11.903745928338797,810.7214983713355,0.993485342019544,33.17589576547231,148.9081
Eucalyptus dolichocera,5.020000019073486,20.454000000000036,340.048,0.06,20.22,114.68002515
Eucalyptus dolichorhyncha,5.533333325386048,16.230000000000032,397.285,0,20.35,121.6
Eucalyptus dolorosa,4,18.250000000000057,576,0,21,115.6
Eucalyptus doratoxylon,17.852941148421344,15.04729729729733,641.118918918919,0,16.405405405405407,118.38
Eucalyptus dorrigoensis,29.51388915379842,14.508333333333368,1253.3958333333335,1,37.958333333333336,152.55666665
Eucalyptus drummondii,5.355721388290178,17.222388059701526,576.1,0,20.149253731343283,116.3
Eucalyptus dumosa,18.566934405560474,16.923092369477946,332.54779116465863,0.3192771084337349,29.41566265060241,141.2833335
Eucalyptus dundasii,7.387755063115334,17.403061224489832,340.9142857142857,0,19.20408163265306,121.63
Eucalyptus dunnii,37.44444417953491,16.579166666666698,1157.9125000000001,1,38.958333333333336,152.54333335
Eucalyptus dura,28.687830652509415,18.743650793650826,870.504761904762,1,37.26984126984127,152.1213607
Eucalyptus dwyeri,16.3999999347486,16.605789473684244,562.4547368421053,1,33.1,147.875
Eucalyptus ebbanoensis,6.281786933387678,19.367346938775547,349.9795918367347,0,21.142857142857142,116.14333335
Eucalyptus ecostata,8.810126588314395,15.703750000000033,485.4875,0,18.725,119.66
Eucalyptus educta,6.545454545454546,19.559090909090944,306.55454545454546,0,19.90909090909091,120.1
Eucalyptus effusa,11.01960789456087,18.141176470588274,310.1088235294118,0,16.176470588235293,123.01447775
Eucalyptus elaeophloia,33.11111195882162,6.983333333333367,853.1333333333334,1,30,148.0667
Eucalyptus elata,19.219576744806197,13.921653543307121,886.8669291338583,0.9921259842519685,32.85826771653543,149.85
Eucalyptus elegans,18.511627929155217,18.85465116279073,658.9255813953489,1,34.04651162790697,150.7591523
Eucalyptus elliptica,26.240310047948082,13.001162790697713,899.0093023255814,1,39.651162790697676,151.4317341
Eucalyptus erectifolia,11.736842105263158,14.523684210526355,473.90000000000003,0,18.157894736842106,118.1
Eucalyptus eremicola,10.653594790720472,20.560144927536264,247.05072463768116,0,15.202898550724637,127.2108333
Eucalyptus eremophila,6.922787189483643,16.923333333333368,350.94444444444446,0,19.55,121.3101389
Eucalyptus erosa,24.73333320617676,18.3766666666667,746.88,1,31.866666666666667,147.95
Eucalyptus erythrocorys,5.971014458200206,20.04583333333337,456.24583333333334,0.125,19.666666666666668,115.02335
Eucalyptus erythronema,4.32034631828209,17.57207792207796,343.41818181818184,0,20.948051948051948,118
Eucalyptus eudesmioides,5.371069176391986,20.49135802469139,326.50246913580247,0.24691358024691357,19.30246913580247,114.7548781
Eucalyptus eugenioides,28.39148939010945,15.946652719665307,950.1702928870293,0.9916317991631799,37.11297071129707,151.5841533
Eucalyptus ewartiana,9.785887998386022,20.279496402877733,315.99352517985614,0.12949640287769784,19.179856115107913,118.7
Eucalyptus exigua,4.787878784266385,17.03181818181821,340.0227272727273,0,21,119.85
Eucalyptus exilipes,15.428571343421936,21.714285714285747,726.4321428571429,1,22.535714285714285,144.88822555000002
Eucalyptus exilis,5.052631629140754,17.502631578947405,535.7263157894737,0,20.894736842105264,116.6
Eucalyptus expressa,19.666666666666668,15.794444444444487,838.0555555555557,1,39.111111111111114,150.8481
Eucalyptus exserta,16.701913381991428,21.06158192090399,859.2949152542374,0.9096045197740112,28.78813559322034,149.27460969999998
Eucalyptus extensa,6.785087660739296,16.098684210526347,376.42105263157896,0,20.56578947368421,119.9090978
Eucalyptus extrica,8.519607838462381,16.01285714285717,550.6714285714286,0,19.428571428571427,123.0011111
Eucalyptus falcata,6.980392138747608,15.491304347826123,455.4557971014493,0,20.217391304347824,118.13331665000001
Eucalyptus falciformis,20.96808510638298,13.194329896907249,746.679381443299,0.9587628865979382,29.237113402061855,141.6405474
Eucalyptus famelica,5.636363679712469,16.303333333333363,533.24,0,15.133333333333333,120.9
Eucalyptus farinosa,15.166666984558105,22.100000000000023,802.2,1,23,145.4465698
Eucalyptus fasciculosa,19.560606082280476,14.700239234449795,597.1488038277512,0.7990430622009569,29.373205741626794,139.116667
Eucalyptus fastigata,22.805555542310078,12.095901639344296,973.0565573770492,1,34.23770491803279,149.98845555000003
Eucalyptus fibrosa,18.905869373055392,18.455519480519516,796.4996753246754,0.9837662337662337,34.672077922077925,150.65834999999998
Eucalyptus flavida,6.999999965940203,18.49285714285719,294.35,0,17.785714285714285,122.94419145
Eucalyptus flindersii,19.093333282470702,17.072000000000035,272.764,0,22.42,138.98747530000003
Eucalyptus flocktoniae,6.743427969303793,16.715312500000035,379.4621875,0,20.421875,119.8278193
Eucalyptus foecunda,9.308641928213614,18.68611111111114,693.7555555555556,0,13.555555555555555,115.63888890000001
Eucalyptus foliosa,5.592592583762275,16.100000000000033,510.91,0,18,121.8
Eucalyptus formanii,6.931372530320111,19.461764705882388,309.1617647058824,0,19.176470588235293,119.45
Eucalyptus forrestiana,6.241134795736759,16.09680851063833,439.12553191489366,0,20.51063829787234,121.5208333
Eucalyptus fracta,21.111111323038738,15.550000000000049,828.3666666666667,1,39,151.024522
Eucalyptus fraseri,12.561728398005167,16.88090909090912,334.6345454545455,0,17.381818181818183,123.4
Eucalyptus fraxinoides,22.233333282470703,11.83000000000003,901.5200000000001,1,31.68,149.60835
Eucalyptus frenchiana,5.296296238899231,17.18888888888892,342.78333333333336,0,20.944444444444443,120.85
Eucalyptus froggattii,15.91666681425912,14.636206896551755,442.54137931034484,0.7931034482758621,38.03448275862069,143.0333
Eucalyptus fruticosa,7.905982983418,21.926744186046548,268.9720930232558,0.7441860465116279,14.069767441860465,113.85
Eucalyptus fulgens,18.10476188659668,13.366216216216248,961.8351351351351,1,30.43243243243243,145.62011999999999
Eucalyptus fusiformis,29.49425302702805,17.150000000000034,1255.1862068965518,1,37.275862068965516,152.7583333
Eucalyptus gamophylla,12.175675652048609,23.233783783783817,328.36283783783784,0.14189189189189189,17.19144144144144,130.55597
Eucalyptus gardneri,5.7515151717446065,16.159090909090946,381.97636363636366,0,21.527272727272727,118.0664722
Eucalyptus georgei,6.681159423745197,16.895833333333368,341.9166666666667,0,19.416666666666668,120.5
Eucalyptus gigantangion,11.444444484180874,26.72777777777781,1486.888888888889,1,23.333333333333332,132.6110793
Eucalyptus gillenii,19.72316387952384,21.32457627118647,325.90000000000003,0,18.16949152542373,132.9667
Eucalyptus gillii,15.109375,18.820312500000036,221.50625000000002,0,19.0625,139.34441245
Eucalyptus gittinsii,4.463601542615343,19.5511363636364,428.18863636363636,0.03409090909090909,20.75,115.23335
Eucalyptus glaucescens,28.36585384461938,9.569512195121987,983.1463414634147,1,30.51219512195122,148.35
Eucalyptus glaucina,18.166666650772093,17.600000000000033,896.99,1,37.95,151.5540278
Eucalyptus globoidea,17.15199161925406,15.281656804733762,960.4955621301775,0.9467455621301775,31.75147928994083,150.1906492
Eucalyptus globulus,19.75889325990036,12.689929328621943,864.2936395759717,0.657243816254417,23.62897526501767,147.6333
Eucalyptus glomericassis,12.787878686731512,26.30909090909095,1550.1909090909091,1,23.227272727272727,132.9725
Eucalyptus glomerosa,11.515503877817197,20.328409090909123,267.70113636363635,0,14.931818181818182,130.10916650000001
Eucalyptus gomphocephala,9.590476247242519,18.080769230769263,780.2794871794872,0,15.384615384615385,115.6890704
Eucalyptus gongylocarpa,9.79279278097926,21.035526315789507,271.4151315789474,0,16.18421052631579,124.9815301
Eucalyptus goniantha,13.280701762751528,15.241666666666704,720.8083333333334,0,12.5,118.1
Eucalyptus goniocalyx,20.145363434813078,13.838888888888924,643.5644444444445,0.7555555555555555,33.4,144.18
Eucalyptus goniocarpa,5.181818160143766,15.60454545454549,363.83636363636367,0,21.90909090909091,119.7
Eucalyptus gracilis,16.592989980151213,17.058532778355914,324.23288241415196,0.09573361082206035,23.825182101977106,137.832778
Eucalyptus grandis,25.78350506123808,18.777000000000033,1474.864,1,37.92,152.59166664999998
Eucalyptus granitica,20.983122318605833,21.033950617283985,1387.0283950617284,1,37.41975308641975,145.4
Eucalyptus gregoryensis,11.266666650772095,27.04000000000003,860.7700000000001,1,19.6,130.456567
Eucalyptus gregsoniana,17.783333349227906,12.02000000000003,924.235,1,35.35,150.14170000000001
Eucalyptus griffithsii,6.876106179920973,18.25964912280705,310.04912280701757,0,20.18421052631579,121.32499999999999
Eucalyptus grisea,26.47058812309714,18.114705882352965,742.1529411764707,1,31.11764705882353,147.9012116
Eucalyptus grossa,7.277777798970541,16.548387096774228,361.55967741935484,0,19.838709677419356,121.3667778
Eucalyptus guilfoylei,13.805555582046509,15.000000000000032,1165.8785714285714,0,14.142857142857142,116.72335000000001
Eucalyptus gunnii,25.718614751642402,7.692168674698829,1316.4686746987952,0,12.903614457831326,146.684366
Eucalyptus gypsophila,10.823970060669973,20.089560439560476,248.61208791208793,0,14.989010989010989,125.8
Eucalyptus haemastoma,13.99999998053726,17.005555555555592,1122.588888888889,0.9259259259259259,32.46296296296296,151.19213374999998
Eucalyptus hallii,9.555555629730225,21.23666666666671,985.8466666666667,1,34.666666666666664,152.359122
Eucalyptus halophila,6.086021546394594,16.134375000000034,439.81875,0,20.1875,121.82553035000001
Eucalyptus hawkeri,16.94444449742635,14.2666666666667,458.6666666666667,0.16666666666666666,37,141.73055
Eucalyptus hebetifolia,8.020408221653529,15.205102040816364,438.5265306122449,0,19.79591836734694,117.8833333
Eucalyptus helidonica,29.26666679382324,18.375000000000036,937.455,1,40.35,152.43165
Eucalyptus herbertiana,10.259008963365812,26.572516556291426,1101.5847682119206,0.9867549668874173,21.67549668874172,132.8
Eucalyptus histophylla,7.083333379692501,16.758108108108143,346.0189189189189,0,19.135135135135137,121
Eucalyptus horistes,5.415985457578862,18.602588555858347,344.5291553133515,0.0027247956403269754,20.978201634877383,117.5527778
Eucalyptus houseana,8.933333338631524,26.321739130434818,1102.8108695652174,1,20.08695652173913,125.4935014
Eucalyptus howittiana,15.287356327319968,22.246551724137966,800.0448275862069,1,31.79310344827586,145.2508532
Eucalyptus hypolaena,8.884848473288796,18.813636363636395,275.94,0,15.636363636363637,123.3817015
Eucalyptus hypostomatica,20.575757720253684,15.586363636363672,893.9636363636364,1,38.72727272727273,150.77755635
Eucalyptus ignorabilis,18.471264214351258,13.090000000000032,974.5433333333334,1,29.466666666666665,146.575
Eucalyptus imitans,17.54166680574417,15.008823529411803,965.635294117647,1,34.64705882352941,150.38
Eucalyptus imlayensis,20.33333396911621,11.150000000000034,997.6,1,31,149.73
Eucalyptus impensa,3.3333333333333335,18.450000000000028,537.6666666666667,0,21.666666666666668,115.6
Eucalyptus incerata,4.698412713550386,16.778571428571464,358.22380952380956,0,20.952380952380953,120.2539
Eucalyptus incrassata,13.63126435477158,16.264457831325338,396.4441767068273,0.12048192771084337,25.038821954484604,136.147778
Eucalyptus indurata,7.8333333598242865,16.41851851851855,399.69814814814816,0,19.61111111111111,121.66833335
Eucalyptus infera,20.499999682108562,16.80000000000004,724.3333333333334,1,38.166666666666664,151.68335
Eucalyptus insularis,9.777777830759684,16.37500000000002,699.5,0,7.5,122.325
Eucalyptus interstans,28.262626127763227,16.43484848484852,855.8515151515152,1,38.666666666666664,151.9667
Eucalyptus intertexta,14.731006173872116,19.849182004090014,325.36850715746425,0.2147239263803681,20.924335378323107,138
Eucalyptus jacksonii,14.33333330154419,15.200000000000026,1109.125,0,14.083333333333334,116.8611
Eucalyptus jensenii,6.870206469983126,26.755217391304384,1061.6495652173915,0.9739130434782609,19.956521739130434,131.0514
Eucalyptus jimberlanica,8.000000047683717,17.021428571428608,347.52857142857147,0,19.571428571428573,121.8
Eucalyptus johnsoniana,4.538461538461538,19.073076923076957,521.8692307692307,0,22,115.3
Eucalyptus johnstonii,22.49382721936261,8.989285714285751,1018.0428571428572,0,11.928571428571429,146.97554300000002
Eucalyptus jucunda,4.361502331747135,20.689436619718347,319.8929577464789,0.1267605633802817,20.267605633802816,114.92
Eucalyptus jutsonii,7.1282051893380975,19.692857142857182,285.8,0,20,121.17500000000001
Eucalyptus kabiana,17.555555025736492,19.383333333333365,1424.3666666666668,1,38.666666666666664,152.8858333
Eucalyptus kartzoffiana,22.133333110809325,13.310000000000036,760.86,1,31.7,149.77499999999998
Eucalyptus kessellii,6.57916667163372,16.200602409638588,466.9060240963856,0,19.771084337349397,121.6845284
Eucalyptus kingsmillii,13.904273490416697,22.681794871794906,322.2338461538462,0.29743589743589743,16.83076923076923,119.75
Eucalyptus kitsoniana,16.342592610253227,13.706410256410294,936.4641025641026,0.8205128205128205,22.23076923076923,145.9
Eucalyptus kochii,5.535947705250161,19.5688235294118,311.4717647058824,0.00392156862745098,20.91372549019608,117.42
Eucalyptus kondininensis,5.5600000127156575,16.25759493670889,351.23797468354434,0,21.696202531645568,118.6130556
Eucalyptus koolpinensis,13.416666805744171,26.350000000000037,1336.8000000000002,1,22.5,132.7405965
Eucalyptus kruseana,7.476190430777414,18.337500000000034,301.76250000000005,0,18.625,122.55
Eucalyptus kumarlensis,7.405797046163808,16.842000000000038,355.24,0,19.28,121.5167
Eucalyptus kybeanensis,30.66666659186868,8.497058823529446,1083.4058823529413,1,29.58823529411765,148.225
Eucalyptus lacrimans,21.22222227520413,9.830952380952418,820.1238095238095,1,31.952380952380953,148.7333
Eucalyptus laeliae,8.861111124356588,16.916666666666696,930.7041666666667,0,19.041666666666668,116.0247222
Eucalyptus laevis,10.400000027247838,17.211111111111148,332.0055555555556,0,17.63888888888889,122.89459115
Eucalyptus laevopinea,29.453416054293236,14.275308641975343,848.1413580246914,1,39.339506172839506,151.25
Eucalyptus lane-poolei,6.13793106736808,18.305172413793134,668.051724137931,0,20.379310344827587,115.6
Eucalyptus langleyi,16.777777989705402,15.394444444444478,1086.2444444444445,1,33.77777777777778,150.4947222
Eucalyptus lansdowneana,15.976190635136195,17.183333333333373,297.79333333333335,0,22.8,135.4344356
Eucalyptus largeana,28.196078356574564,16.27352941176474,1047.164705882353,1,36.64705882352941,151.85
Eucalyptus largiflorens,19.713403846851733,17.811597938144363,349.88221649484535,0.4845360824742268,27.93041237113402,142.93335
Eucalyptus latens,5.1690821613090625,16.04857142857146,433.61,0,20.9,117.46486114999999
Eucalyptus lateritica,4.592592610253228,18.95000000000004,562.1333333333333,0,21.22222222222222,115.3
Eucalyptus latisinensis,10.840909166769547,21.377659574468122,1165.5063829787234,0.9787234042553191,33.276595744680854,152.4333
Eucalyptus lehmannii,11.771144290468586,15.565492957746514,515.8830985915494,0,17.971830985915492,119.4333333
Eucalyptus leprophloia,4.166666698455811,18.960000000000036,505.23,0,22.1,115.4
Eucalyptus leptocalyx,6.732177271319262,16.120056497175174,452.98644067796613,0,19.819209039548024,121.7
Eucalyptus leptophleba,13.507017547205875,24.38414634146345,1210.8107317073172,0.9414634146341463,28.82439024390244,144.4258543
Eucalyptus leptophylla,17.129527336106555,16.565063520871178,367.4257713248639,0.2323049001814882,27.25589836660617,139.5
Eucalyptus leptopoda,5.732160298355863,19.445953757225467,309.5898843930636,0,19.98843930635838,118.72498335
Eucalyptus lesouefii,7.65543068928665,18.25555555555559,304.57222222222225,0,19.288888888888888,121.65835000000001
Eucalyptus leucophloia,9.56178604330972,25.84408099688477,527.6423676012462,0.8753894080996885,18.292834890965732,134.1845476
Eucalyptus leucophylla,12.163841797133623,25.524576271186476,513.0745762711865,1,21.694915254237287,139.7167
Eucalyptus leucoxylon,19.138731972645903,14.84891696750906,518.7355595667871,0.572202166064982,30.911552346570396,140.03695365
Eucalyptus ligulata,17.683333444595338,15.066666666666706,577.0166666666667,0,16.333333333333332,118.315
Eucalyptus ligustrina,23.861111124356587,13.993750000000036,1076.7291666666667,1,37.104166666666664,150.700789
Eucalyptus limitaris,9.395061718093025,27.250000000000032,684.5148148148148,1,19.62962962962963,128.10000000000002
Eucalyptus lirata,8.902777711550394,26.233333333333366,922.5520833333334,1,19.208333333333332,126.54168335
Eucalyptus litoralis,14.5,13.725000000000051,704.325,0.75,20.5,144.1814
Eucalyptus litorea,9.629629611968994,16.26000000000003,499.44,0,18,123.6
Eucalyptus livida,5.1056910549722065,16.89146341463418,356.8439024390244,0,20.609756097560975,120.4364671
Eucalyptus lockyeri,18.51515152237632,20.468181818181854,1422.2181818181818,1,38.65909090909091,145.4
Eucalyptus longicornis,6.616557727452197,17.411935483870998,349.0574193548387,0,20.470967741935485,119.5667
Eucalyptus longifolia,15.152542453701214,16.21911764705886,957.7205882352941,0.8823529411764706,29.08823529411765,150.25
Eucalyptus longirostrata,23.63768109549647,19.4184782608696,781.7597826086957,1,34.56521739130435,151.45
Eucalyptus longissima,6.9913043353868565,18.765517241379342,301.9939655172414,0,19.362068965517242,121.14836220000001
Eucalyptus loxophleba,5.511466660690307,18.165481832543477,356.97756714060034,0.00315955766192733,21,117.855
Eucalyptus lucasii,7.980392125696918,21.3916666666667,269.57307692307694,0,16.993589743589745,120.63335000000001
Eucalyptus lucens,18.18840574181598,21.193478260869593,332.68695652173915,0,18,132.7333
Eucalyptus luculenta,7.9411764705882355,16.116666666666703,436.87222222222226,0,18.77777777777778,123.3
Eucalyptus luehmanniana,15.333333333333334,16.970000000000034,1142.03,1,36.15,151.14170000000001
Eucalyptus lunata,5.487179499406081,15.588461538461571,362.19230769230774,0,21.53846153846154,118.9864
Eucalyptus macarthurii,19.20634919121152,13.078571428571458,880.0666666666667,1,37.857142857142854,150.15
Eucalyptus mackintii,16.400000038146974,13.778000000000034,842.86,1,28.8,148.3667
Eucalyptus macrandra,9.627450942993164,15.541176470588269,459.11470588235295,0,19.705882352941178,118.68826609999999
Eucalyptus macrocarpa,4.868544605416312,18.18194444444448,481.06944444444446,0,21.61111111111111,115.7
Eucalyptus macrorhyncha,18.197341538645738,13.604878048780522,732.194512195122,0.9847560975609756,35.326219512195124,148.89
Eucalyptus magnificata,25.616666793823242,14.17500000000004,809.4050000000001,1,38.8,151.9580805
Eucalyptus major,29.170731748022686,18.976190476190506,876.7321428571429,1,35.916666666666664,152.0128996
Eucalyptus malacoxylon,21.402298828651166,13.812068965517277,813.2793103448276,1,40.55172413793103,151.27
Eucalyptus mannensis,9.583333315244362,21.694981412639436,278.74052044609664,0.11524163568773234,16.95167286245353,129.366667
Eucalyptus mannifera,19.526181378127056,12.357633587786296,850.0003816793893,1,34.68320610687023,149.55835000000002
Eucalyptus marginata,8.49779248553396,16.050958466453707,799.679552715655,0,17.207667731629392,116.2656422
Eucalyptus mckieana,23.76344083970593,14.230645161290358,845.6451612903227,1,39.806451612903224,151.3666667
Eucalyptus mcquoidii,5.333333333333333,16.150000000000034,457.20000000000005,0,15,119.8
Eucalyptus mediocris,19.968847341626603,20.868518518518552,1009.8583333333333,0.9907407407407407,32.26851851851852,145.57205
Eucalyptus megacarpa,13.064102590084076,15.377586206896586,962.2275862068966,0,14.637931034482758,116.23708335
Eucalyptus megacornuta,9.515151435678655,15.875000000000034,417.6,0,18.916666666666668,120.03333334999999
Eucalyptus megasepala,8.48888897895813,25.374444444444478,1068.5133333333333,1,28.933333333333334,144.1228066
Eucalyptus melanoleuca,23.93859644940025,18.821052631578983,773.2236842105264,1,34.526315789473685,151.2129227
Eucalyptus melanophitra,9.023809603282384,15.350000000000035,451.8857142857143,0,18.428571428571427,118.7
Eucalyptus melanophloia,16.266488409297352,21.410160427807522,687.4831550802139,0.9679144385026738,29.002673796791445,146.93279735
Eucalyptus melanoxylon,8.452830226916188,17.24629629629633,327.3425925925926,0,18.74074074074074,121.54944435
Eucalyptus melliodora,22.966844278372836,15.130316344464006,705.6165202108964,0.9894551845342706,35.86467486818981,149.4144444
Eucalyptus merrickiae,6.174603201094127,16.263636363636397,412.90000000000003,0,19.136363636363637,121.9
Eucalyptus michaeliana,26.75675678253174,14.58783783783787,886.4162162162163,1,37.972972972972975,151.95
Eucalyptus micranthera,7.309803909413954,16.088636363636397,505.1602272727273,0,20.170454545454547,121.89476640000001
Eucalyptus microcarpa,17.39912281036377,16.20755208333337,546.0638020833334,0.8567708333333334,33.213541666666664,146.5333
Eucalyptus microcorys,24.84139779306227,18.03110236220476,1247.9795275590552,0.968503937007874,35.74015748031496,152.7342288
Eucalyptus microneura,12.54838708139235,24.57365591397853,753.5978494623656,1,24.311827956989248,143.7625
Eucalyptus microschema,8.076923113602858,15.97857142857146,396.8857142857143,0,20.285714285714285,119.4
Eucalyptus microtheca,7.369829689499236,26.696453900709255,749.8900709219859,0.9787234042553191,19.73758865248227,135.63805000000002
Eucalyptus mimica,5.4871794902361355,15.93846153846158,352.75384615384615,0,22.615384615384617,119
Eucalyptus miniata,8.730158739619785,26.887500000000035,1189.1191176470588,0.9080882352941176,19.22426470588235,131.15060775
Eucalyptus minniritchi,20.99999996711468,20.477586206896586,344.6034482758621,0,17.689655172413794,132.5846011
Eucalyptus misella,5.249999940395355,16.075000000000045,460.85,0,20,121.8
Eucalyptus mitchelliana,34.75,8.875000000000028,1423.65,1,35.25,146.8
Eucalyptus moderata,4.875968971917795,18.561538461538497,327.78615384615387,0,21.153846153846153,117.97329705
Eucalyptus moluccana,22.72395830694586,18.750384615384647,882.3000000000001,1,36.353846153846156,150.96583335
Eucalyptus molyneuxii,17,14.350000000000023,455.85,0,37,141.6361
Eucalyptus mooreana,17.076923076923077,26.480769230769276,998.5923076923077,1,19.153846153846153,125.5
Eucalyptus moorei,21.16993472155403,12.538461538461569,923.7903846153847,0.9807692307692307,34.57692307692308,150.145155
Eucalyptus morrisbyi,18.500000476837158,12.290000000000031,643.0600000000001,0,5.2,147.4667
Eucalyptus morrisii,13.380952465290926,18.55408163265309,391.2040816326531,0.8367346938775511,26.081632653061224,145.88
Eucalyptus muelleriana,18.88043479297472,14.116315789473717,908.0905263157895,0.9578947368421052,29.71578947368421,149.77
Eucalyptus multicaulis,19.45061722508183,14.60740740740744,987.9314814814816,1,37.53703703703704,150.42
Eucalyptus myriadena,5.7542579191444565,17.36071428571432,346.1378571428572,0,21.464285714285715,118.33054999999999
Eucalyptus nandewarica,37.76666622161865,15.290000000000038,762.7900000000001,1,37.5,150.08192780000002
Eucalyptus nebulosa,27.333333333333332,10.350000000000042,1974.9666666666667,0,11,145.344317
Eucalyptus neglecta,29.90000009536743,10.990000000000032,1033.63,1,32.43333333333333,146.89165
Eucalyptus neutra,6.336666657924652,16.324000000000034,370.86600000000004,0,21.06,118.78598654999999
Eucalyptus newbeyi,11.142857279096331,15.807142857142903,549.8571428571429,0,18.285714285714285,118.9
Eucalyptus nicholii,22.595959663391113,12.622727272727305,867.4181818181819,1,39.303030303030305,151.75
Eucalyptus nitens,29.598765390890616,9.866363636363669,1085.5927272727274,1,32.163636363636364,149.25
Eucalyptus nitida,22.567415698190754,11.110784313725523,1507.7892156862745,0.014705882352941176,9.799019607843137,145.927187
Eucalyptus nobilis,31.650406434283994,13.525609756097595,969.6422764227643,1,39.0650406504065,151.9
Eucalyptus normantonensis,11.350104838797131,24.149371069182425,430.0427672955975,0.48427672955974843,18.628930817610062,138.5333
Eucalyptus nortonii,21.203562401633228,12.99135338345868,768.7909774436091,1,34.99248120300752,148.6756
Eucalyptus notabilis,28.43749988079071,15.539062500000036,1177.30625,1,37.875,152.29583335
Eucalyptus notactites,14.925926195250618,15.728571428571469,652.6035714285715,0,13.785714285714286,118.7883333
Eucalyptus nova-anglica,26.467741997011245,13.203968253968288,901.0492063492064,1,39.41269841269841,151.85
Eucalyptus nudicaulis,18.722222646077473,24.600000000000023,510.2666666666667,1,21.333333333333332,139.55918450000001
Eucalyptus nutans,13.222222328186035,15.950000000000045,599.6,0,12.666666666666666,119.4
Eucalyptus obconica,10.560000014305114,27.618518518518552,888.9537037037037,0.8888888888888888,17.962962962962962,127.45472219999999
Eucalyptus obesa,6.126436784349639,16.20517241379314,407.81724137931036,0,20.93103448275862,120.4833
Eucalyptus obliqua,20.467836267667305,12.825000000000035,868.1853365384616,0.71875,26.57451923076923,145.34165000000002
Eucalyptus obtusiflora,5.408424889648353,19.747905759162336,349.5256544502618,0.11518324607329843,19.047120418848166,115.25
Eucalyptus occidentalis,8.747807035320683,15.648089171974556,477.5624203821656,0,19.044585987261147,119.2562261
Eucalyptus ochrophloia,12.401826466599555,21.61986301369866,356.8191780821918,0.2328767123287671,23.534246575342465,144.5414
Eucalyptus odontocarpa,8.906937351081577,25.727157360406125,431.71065989847716,0.6751269035532995,17.03553299492386,133.6667
Eucalyptus odorata,18.41274818133411,15.571779141104328,464.9144171779141,0.3098159509202454,28.92331288343558,138.56486135
Eucalyptus oldfieldii,6.073732707906978,20.439861751152108,303.95023041474656,0.018433179723502304,19.336405529953918,117.3097222
Eucalyptus oleosa,14.55544149557423,17.21733668341712,326.5818090452261,0.04221105527638191,22.147738693467335,135.396667
Eucalyptus olida,30.37037001715766,13.638888888888921,1070,1,40,152.2597222
Eucalyptus oligantha,7.857142859762842,26.723958333333364,1344.4166666666667,0.9583333333333334,20.427083333333332,131.07409
Eucalyptus olivina,5.1203007447092155,16.544029850746302,352.7492537313433,0,21.23134328358209,119.60865475
Eucalyptus olsenii,24.533333587646485,12.140000000000033,856.96,1,31.5,149.67326805
Eucalyptus omissa,10.604166716337204,18.45000000000003,275.21875,0,15.375,125.8509889
Eucalyptus ophitica,40.74999952316284,18.250000000000043,1142.9,1,38.5,152.63027
Eucalyptus opimiflora,4.4747474916053545,18.826470588235324,482.3588235294118,0,22.235294117647058,115.4833333
Eucalyptus optima,11.118279549383349,17.220967741935524,328.9451612903226,0,16.967741935483872,123.2375
Eucalyptus oraria,9.155038778171983,20.651960784313758,356.02352941176474,0.27450980392156865,14.509803921568627,114.2
Eucalyptus orbifolia,10.446428592715945,19.762280701754424,307.6824561403509,0,18.789473684210527,120.12
Eucalyptus ordiana,12.694444437821707,27.841666666666697,820.6166666666667,1,20.333333333333332,128.3
Eucalyptus oreades,28.121212196350097,14.200909090909127,1147.1254545454547,1,38.58181818181818,150.63
Eucalyptus orgadophila,28.47435900798211,20.130769230769264,674.476282051282,1,30.71153846153846,148.2654249
Eucalyptus ornata,4.466666634877523,16.503333333333366,354.67333333333335,0,22.066666666666666,118.8
Eucalyptus orthostemon,5.632575755769556,16.628409090909127,376.93636363636364,0,21.136363636363637,117.64720555
Eucalyptus ovata,16.99823634334342,12.883582089552274,842.9781094527364,0.664179104477612,23.736318407960198,145.8705335
Eucalyptus ovularis,8.271317853484042,16.750000000000032,367.7139534883721,0,19.3953488372093,121.6667
Eucalyptus oxymitra,12.940136045339155,21.69837398373987,310.5,0,16.95528455284553,130.2201289
Eucalyptus pachycalyx,17.999999963320217,20.626923076923116,1107.8692307692309,1,35.84615384615385,145.25
Eucalyptus pachyloma,8.8304093051375,15.06929824561407,490.01929824561404,0,18.666666666666668,117.8833
Eucalyptus pachyphylla,10.01709399671636,24.660683760683796,365.4589743589744,0.27350427350427353,16.756410256410255,133.5397222
Eucalyptus paedoglauca,14.19999976158142,22.590000000000032,1020.72,1,35.9,146.61554999999998
Eucalyptus paliformis,28.047619138445175,10.807142857142887,861.2571428571429,1,31.428571428571427,149.6167
Eucalyptus paludicola,14.407407442728678,14.605555555555592,669.7388888888889,0.9444444444444444,30.833333333333332,138.58277800000002
Eucalyptus panda,17.514619844001636,19.18333333333337,664.0964912280702,1,32.49122807017544,150.3424894
Eucalyptus paniculata,18.84761902037121,16.7734782608696,1067.2017391304348,0.9217391304347826,32.69565217391305,151.08
Eucalyptus pantoleuca,7.839506149291992,27.218518518518554,881.3074074074075,1,19.444444444444443,127.0156298
Eucalyptus parramattensis,15.877193015918397,16.57586206896555,925.9379310344829,0.9827586206896551,37.327586206896555,150.76041665
Eucalyptus parvula,20.166666706403095,10.562500000000028,830.7375000000001,1,31,149.485
Eucalyptus patellaris,5.626373623753642,26.834615384615415,1103.8549450549451,1,20.89010989010989,132.6676753
Eucalyptus patens,9.236245967809436,15.933809523809556,950.4295238095239,0,16.895238095238096,116.1714903
Eucalyptus pauciflora,23.02988050563402,10.951945525291862,896.8626459143969,0.8482490272373541,29.924124513618676,148.46835
Eucalyptus pellita,17.79259269502428,23.46956521739134,2029.4869565217393,0.9347826086956522,34.47826086956522,145.34165000000002
Eucalyptus pendens,3.8999999880790712,18.700000000000035,516.215,0,21.75,115.5
Eucalyptus peninsularis,13.646766235579305,16.194927536231916,384.3753623188406,0,22.82608695652174,135.989444
Eucalyptus perangusta,5.837719277331703,15.818831168831204,377.86233766233767,0,21.324675324675326,119.83
Eucalyptus percostata,25.030302914706144,15.686363636363668,462.0909090909091,0,29.727272727272727,138.043056
Eucalyptus perriniana,30.947712580362957,8.376415094339654,1065.1490566037737,0.8867924528301887,28.37735849056604,148.27
Eucalyptus persistens,12.465240606012191,22.735026737967946,707.0417112299466,1,27.593582887700535,145.9833
Eucalyptus petiolaris,15.179487167260586,15.745348837209335,449.3325581395349,0,20.72093023255814,135.8586201
Eucalyptus petraea,5.791666653752327,19.022500000000036,314.73625000000004,0,20.75,118.98335
Eucalyptus petrensis,10.145833358168602,18.611111111111143,681.9666666666667,0,15.055555555555555,115.50299435
Eucalyptus phaenophylla,6.902834004236136,15.669600000000035,411.19960000000003,0,20.76,118.80782289999999
Eucalyptus phenax,14.37210883850954,16.131162324649335,395.8044088176353,0.11422845691382766,24.773547094188377,136.2616604
Eucalyptus phoenicea,9.964618227335327,26.68000000000003,1240.1000000000001,1,23.705555555555556,132.235
Eucalyptus phoenix,27.66666603088379,8.350000000000023,792.9000000000001,1,30,148.0436508
Eucalyptus pilbarensis,17.629629558987087,24.027777777777814,397.1277777777778,0.8888888888888888,16.166666666666668,118.720561
Eucalyptus pileata,6.30622008656771,16.431428571428604,361.7566666666667,0,21.090476190476192,120.09083335
Eucalyptus pilularis,20.523809523809526,17.722180451127855,1238.2511278195489,0.924812030075188,33.02255639097744,152.4167
Eucalyptus pimpiniana,13.173913095308388,19.069148936170244,234.57659574468087,0,13.787234042553191,130.193889
Eucalyptus piperita,18.36912747197503,14.902597402597438,1020.9623376623377,0.974025974025974,36.27272727272727,150.47666665
Eucalyptus placita,23.104166507720947,16.937500000000036,1129.3625,0.9375,34.1875,151.83655
Eucalyptus planchoniana,21.565217463866524,18.825510204081667,1307.330612244898,0.8571428571428571,30.93877551020408,153.0825287
Eucalyptus planipes,7.973684223074662,17.750000000000032,316.6948717948718,0,20.128205128205128,121.5833
Eucalyptus platycorys,7.24885845510927,17.48624161073829,329.44362416107384,0,18.818791946308725,121.6783333
Eucalyptus platydisca,6.888888994852702,17.150000000000034,336.87142857142857,0,19.285714285714285,121.8
Eucalyptus platyphylla,14.97297293559925,23.201000000000032,1148.246,0.925,29.315,145.49626225
Eucalyptus platypus,7.3439716227511145,15.703125000000034,418.71770833333335,0,20.322916666666668,119.7000712
Eucalyptus pleurocarpa,7.925641028697674,16.067777777777813,486.7207407407408,0,19.22962962962963,120.0333
Eucalyptus plumula,7.736842080166466,19.03684210526319,269.4684210526316,0,16,123.3684722
Eucalyptus pluricaulis,6.192857112203326,16.571276595744717,446.74822695035465,0,20.354609929078013,117.65
Eucalyptus polita,5.500000009169946,17.112962962963,356.3,0,20.185185185185187,119.75
Eucalyptus polyanthemos,17.215429418472223,13.638888888888925,722.7303418803419,0.9957264957264957,33.98290598290598,147.75
Eucalyptus polybractea,16.158333349227906,15.533750000000037,417.92875000000004,0.6125,32.8,143.2049
Eucalyptus populnea,16.58617670392114,20.035078534031445,520.2662303664922,0.7958115183246073,28.123036649214658,147.61520045
Eucalyptus porosa,18.92132868049862,16.348471986417692,373.77741935483874,0.1867572156196944,26.943972835314092,138.55
Eucalyptus praetermissa,9.571428639548165,16.035714285714327,457.75714285714287,0,19.285714285714285,119.3
Eucalyptus prava,27.136150225787095,14.644366197183135,823.0929577464789,1,39.732394366197184,151.48
Eucalyptus preissiana,11.601989980953842,15.541780821917845,508.88356164383566,0,17.534246575342465,118.9327778
Eucalyptus prolixa,6.2111111044883724,17.430327868852494,337.9967213114754,0,20.131147540983605,121.0327778
Eucalyptus prominens,11.80555546283722,23.682000000000034,254.288,0.96,13.28,113.95
Eucalyptus propinqua,25.872928240022606,18.009116022099484,1201.37182320442,1,37.16574585635359,152.6667
Eucalyptus protensa,7.984848542646929,16.88181818181822,354.1272727272727,0,18.5,121.54226065
Eucalyptus provecta,13.277777751286825,23.7791666666667,843.5833333333334,1,22.791666666666668,143.77961864999997
Eucalyptus proxima,10.70000010728836,15.960000000000027,424.77000000000004,0,20.95,120.04666664999999
Eucalyptus pruiniramis,4.624999970197678,18.72500000000003,446.5,0,22,116
Eucalyptus pruinosa,7.648049630383228,26.805380577427858,747.2926509186352,0.979002624671916,19.921259842519685,133.9331712
Eucalyptus psammitica,30.803921531228458,18.58529411764709,1131.358823529412,1,37.94117647058823,152.8667
Eucalyptus pterocarpa,7.333333313465118,17.13750000000004,350.08750000000003,0,20,121.6
Eucalyptus pulchella,19.78846164850088,11.153636363636398,705.3454545454546,0,12.454545454545455,147.3833
Eucalyptus pulverulenta,18.318182034925982,12.127272727272759,704.1727272727273,1,34.90909090909091,149.36665
Eucalyptus pumila,17.555555661519367,16.483333333333366,897.2333333333333,1,39,151.2208333
Eucalyptus punctata,24.996794858804115,15.98971962616826,969.527570093458,0.9906542056074766,37.808411214953274,151.20999999999998
Eucalyptus purpurata,10.222222328186035,16.01666666666671,441.5,0,21,120.4
Eucalyptus pyriformis,4.175757577202537,18.830000000000034,379.84727272727275,0,22.345454545454544,116.0666667
Eucalyptus pyrocarpa,25.897435701810398,17.500000000000036,1355.4923076923078,0.9615384615384616,35.57692307692308,153.03165
Eucalyptus quadrangulata,30.56249988079071,14.858333333333368,1110.1104166666667,1,37.4375,151.7061506
Eucalyptus quadrans,6.837606839644603,16.09615384615388,385.33333333333337,0,20.743589743589745,121.10688385
Eucalyptus quadricostata,13.628205042618971,21.8192307692308,705.9346153846154,1,22.615384615384617,145.15446400000002
Eucalyptus quaerenda,5.8787878860126845,15.616666666666697,352.5416666666667,0,21.666666666666668,119.5
Eucalyptus racemosa,17.639024397222006,17.115909090909124,1174.2513636363637,0.9272727272727272,33.768181818181816,151.4171302
Eucalyptus radiata,21.017969437365263,12.243351063829822,944.6523936170213,0.9654255319148937,33.079787234042556,149.025
Eucalyptus rameliana,8.391304264897885,23.776086956521773,290.3391304347826,0.08695652173913043,17.26086956521739,120.4730556
Eucalyptus raveretiana,19.990867595150046,22.479729729729765,836.8675675675677,1,31.5,148.51041035
Eucalyptus ravida,6.771043779874089,18.013636363636397,318.4575757575758,0,19.949494949494948,121.4666667
Eucalyptus recta,4.266666650772095,18.210000000000036,368.62000000000006,0,21,117
Eucalyptus recurva,13.555555661519369,13.05000000000004,698.6333333333334,1,32.833333333333336,149.8832805
Eucalyptus redunca,7.817204260057019,16.17647058823533,485.2058823529412,0,19.235294117647058,119.75833335
Eucalyptus regnans,23.68686881209865,10.67575757575761,1018.3454545454546,0.6515151515151515,24.696969696969695,146.5016348
Eucalyptus relicta,6,15.750000000000028,902.0500000000001,0,14,115.45
Eucalyptus remota,14.689655172413794,14.834848484848514,658.5575757575758,0.030303030303030304,20.21212121212121,136.9167
Eucalyptus repullulans,15.47619036265782,23.830000000000034,369.02285714285716,0.8571428571428571,16.4,118.5833333
Eucalyptus resinifera,20.990049792759454,18.55563380281694,1368.4887323943663,0.9577464788732394,34.570422535211264,151.5
Eucalyptus retinens,26.209876519662362,12.79814814814818,908.7777777777778,1,38.148148148148145,151.9
Eucalyptus retusa,NA,16.450000000000017,641.1000000000001,0,0,119.4
Eucalyptus revelata,29.866666316986084,25.350000000000023,986.8600000000001,1,19.2,125.380528
Eucalyptus rhodantha,5.214285663196018,18.735714285714327,401.17857142857144,0,22.428571428571427,116.10835
Eucalyptus rhombica,23.93333339691162,18.99000000000003,691.34,1,33.6,151.07165485000002
Eucalyptus rhomboidea,7.2499998807907104,16.62500000000003,366.87500000000006,0,19,120.75
Eucalyptus rigens,6.1333333651224775,16.09000000000003,462.98,0,20.133333333333333,121.8
Eucalyptus rigidula,5.315217378346817,18.63464285714289,331.52857142857147,0.010714285714285714,19.975,119.05763885
Eucalyptus risdonii,17.03703721364339,12.050000000000031,584.2111111111111,0,11.555555555555555,147.375
Eucalyptus robusta,17.809523849260238,19.296315789473717,1285.9347368421054,0.8736842105263158,28.957894736842107,152.6167
Eucalyptus rodwayi,20.767543943304766,9.643589743589775,879.3551282051283,0,13.35897435897436,147.41497750000002
Eucalyptus rosacea,8.459770120423416,19.184482758620724,269.5931034482759,0,15.310344827586206,123.53
Eucalyptus rossii,16.97014931422561,13.67518518518522,731.1222222222223,1,35.681481481481484,149.45
Eucalyptus rowleyi,9.333333308880146,26.057692307692342,352.5692307692308,0.46153846153846156,16.692307692307693,120.3
Eucalyptus roycei,7.492753599001014,21.850000000000033,251.57777777777778,0.7777777777777778,13.814814814814815,114.1
Eucalyptus rubida,19.52479341404497,11.696122448979624,789.6534693877552,0.9061224489795918,31.84081632653061,149
Eucalyptus rubiginosa,20.880000076293946,20.058000000000035,720.4440000000001,1,33.12,150.2924864
Eucalyptus rudderi,19.866666412353517,17.450000000000035,1320.06,1,34,152.4
Eucalyptus rudis,7.540284337590656,17.103636363636397,646.4277272727273,0,18.754545454545454,116.16074515
Eucalyptus rugosa,17.877049195961874,15.755194805194842,493.9551948051948,0.2012987012987013,19.772727272727273,137.34069449999998
Eucalyptus rugulata,4.111111164093018,16.01666666666669,358.83333333333337,0,20.333333333333332,119.8
Eucalyptus rummeryi,26.925925996568466,17.283333333333367,1312.288888888889,1,38,152.8
Eucalyptus rupestris,8.84057967559151,25.922000000000036,1211.884,0.92,18.88,125.9
Eucalyptus sabulosa,20.083333339009965,13.112500000000036,611.3928571428572,0.7678571428571429,34.67857142857143,142.36835000000002
Eucalyptus salicola,6.594059408301174,18.10514018691592,319.57663551401873,0,20.205607476635514,119.5336111
Eucalyptus saligna,28.29314425312881,16.268493150684964,1074.0308219178082,0.9794520547945206,36.397260273972606,151.88335
Eucalyptus salmonophloia,5.8748242020104,17.79024896265564,337.74190871369296,0.004149377593360996,20.676348547717843,118.6286111
Eucalyptus salubris,5.8327137573057835,18.062962962963,324.7077777777778,0.003703703703703704,20.57037037037037,119.45157309999999
Eucalyptus sargentii,5.142857157994831,17.631538461538497,349.66,0,21.29230769230769,117.47
Eucalyptus saxatilis,24.259259329901802,10.88333333333337,697.8666666666667,1,29.666666666666668,148.3667
Eucalyptus scias,19.246913609681307,15.677586206896589,1108.0172413793105,0.9137931034482759,32.13793103448276,150.6728
Eucalyptus scoparia,33.30555550257365,14.166666666666691,880.4416666666667,1,40,151.92014999999998
Eucalyptus scopulorum,46,13.650000000000034,1103.8,1,39,152.2039436
Eucalyptus scyphocalyx,7.121693088894799,15.979230769230801,395.91846153846154,0,20.092307692307692,120.5333
Eucalyptus seeana,24.628930883587532,18.924576271186474,1199.377966101695,0.864406779661017,32.23728813559322,152.98
Eucalyptus semiglobosa,8.461538461538462,16.256250000000044,571.525,0,16.3125,122.25
Eucalyptus semota,7.416666746139526,23.212500000000034,281.0625,0,16.625,119.6
Eucalyptus sepulcralis,9.305555442969004,16.116666666666706,461.07500000000005,0,20.333333333333332,119.8833333
Eucalyptus serraensis,27.46153890169584,11.780769230769259,724.6538461538462,1,33.30769230769231,142.4667
Eucalyptus sessilis,16.433333373069765,21.952500000000033,316.53125,0,17.7625,132.5889719
Eucalyptus sheathiana,4.385093175106167,17.63765432098769,332.954938271605,0,21.11111111111111,118.7036731
Eucalyptus shirleyi,13.9977323895409,22.472818791946345,901.0825503355705,0.9932885906040269,29.664429530201343,145.4333
Eucalyptus sicilifolia,31.333333333333332,21.483333333333366,692.9333333333334,1,29,148.0428
Eucalyptus siderophloia,23.53936345852799,18.548067632850277,1175.5661835748792,0.966183574879227,35.51207729468599,152.7167
Eucalyptus sideroxylon,17.079222647063936,16.35580357142861,639.2794642857143,0.9955357142857143,34.410714285714285,148.68331665
Eucalyptus sieberi,18.582278493084484,13.447647058823565,916.6674509803922,0.8627450980392157,29.949019607843137,149.92
Eucalyptus similis,8.912037051386303,23.186111111111146,703.1319444444445,1,24.166666666666668,145.14180555000002
Eucalyptus singularis,4.999999985098839,15.493750000000034,378.55,0,21.875,119.5132471
Eucalyptus sinuosa,6.066666746139527,15.68000000000004,431.83000000000004,0,19.5,119.44999999999999
Eucalyptus smithii,21.564444427490233,12.804666666666696,900.4373333333334,1,32.18666666666667,149.8
Eucalyptus socialis,15.991383209682645,18.59408602150541,312.2971102150538,0.15456989247311828,22.713037634408604,137.15
Eucalyptus sp. Cattai (Gregson s.n. 28 Aug 1954),13.55555534362793,17.150000000000034,900.0333333333334,1,39,150.9339
Eucalyptus sp. Dartmoor (D.Nicolle & M.French DN 5585),3.5,20.60000000000005,291.15000000000003,0,20,115.16459445
Eucalyptus sp. Dunbar Road (D.Nicolle & M.French DN 5466),3.222222169240316,17.616666666666713,352.93333333333334,0,22,119.5866667
Eucalyptus sp. Esperance (M.E.French 1579),7.190476213182722,16.207142857142895,415.5714285714286,0,19.857142857142858,122.7
Eucalyptus sp. Killarney (C.R.Michell 2403),8.761904682431902,27.45000000000004,758.7,1,18.428571428571427,131.6012261
Eucalyptus sp. Lake Magenta (D.Nicolle & M.French DN 5509),6.066666603088379,15.53000000000003,386.86,0,20.6,118.7625
Eucalyptus sp. Little Sandy Desert (D.Nicolle & M.French DN 4304),8.827160464392769,22.60185185185188,280.56666666666666,0,17.22222222222222,120.7208161
Eucalyptus sp. Montejinni Station (G.M.Chippendale 2171),8.666666686534882,27.725000000000037,727.9375,1,19.5,128.61792055
Eucalyptus sp. Mt Garnet (D.J.Carr+ 1672B),13.833333492279053,21.650000000000034,934.3000000000001,1,33.5,145.0583
Eucalyptus sp. North Balladonia (D.Nicolle & M.French DN 3620),11.208333432674408,18.11250000000004,282.70000000000005,0,15.25,123.7404028
Eucalyptus sp. Queen Victoria Spring (D.Nicolle 524),8.277777711550394,18.550000000000036,269.225,0,14.833333333333334,123.5875
Eucalyptus sp. Southern wheatbelt (D.Nicolle & M.French DN 5507),5.99999999148505,15.964285714285754,387.3214285714286,0,20.607142857142858,120.45830000000001
Eucalyptus sparsa,17.153846256549542,20.570000000000032,315.3784615384616,0,16.46153846153846,130.265
Eucalyptus sparsifolia,19.20754721479596,15.494444444444477,880.5444444444445,0.9907407407407407,38.324074074074076,150.6043
Eucalyptus spathulata,6.944444447755814,16.09285714285718,374.9387755102041,0,21.081632653061224,118.2
Eucalyptus sphaerocarpa,35.50000031789144,19.933333333333355,777.5333333333334,1,31.833333333333332,149.115
Eucalyptus splendens,16.416666746139526,13.525000000000034,888.825,1,26.25,141.39170000000001
Eucalyptus sporadica,6.818984555882334,15.909477124183043,396.5869281045752,0,20.66013071895425,119.1833333
Eucalyptus spreta,9.092307670299823,16.948507462686603,345.84626865671646,0,18.074626865671643,122.018978
Eucalyptus squamosa,16.323232275066953,16.618421052631614,993.0263157894738,1,37.78947368421053,151.0079
Eucalyptus staeri,14.488095206873757,15.013333333333362,733.3583333333333,0,15.566666666666666,117.91050435
Eucalyptus staigeriana,14.592592530780369,24.30000000000004,1000.3888888888889,1,30.11111111111111,144.38126219999998
Eucalyptus steedmanii,4.277777791023254,16.58333333333337,375.5,0,21,119.7
Eucalyptus stellulata,22.263532699682774,11.078991596638689,866.9579831932773,1,33.60504201680672,149.15
Eucalyptus stenostoma,27.052631629140752,12.68684210526319,852.7578947368421,1,31.36842105263158,149.65
Eucalyptus stoatei,5.841269833700998,16.1136363636364,462.35,0,19.954545454545453,120.6
Eucalyptus stowardii,4.80303031206131,18.727272727272762,338.7886363636364,0,21.863636363636363,117.09835
Eucalyptus striaticalyx,8.262222207387289,21.84740259740264,252.44155844155844,0,17.376623376623378,118.4333
Eucalyptus stricklandii,7.201754419427169,17.99210526315793,307.2684210526316,0,20.05263157894737,121.55
Eucalyptus stricta,19.058252399407543,13.64813084112153,1019.0186915887851,0.9626168224299065,34.36448598130841,150.2667
Eucalyptus strzeleckii,17.6129031027517,13.524193548387132,953.6516129032259,1,27.903225806451612,146.15
Eucalyptus sturgissiana,17.41666668653488,14.21250000000003,1061.34375,1,33.8125,150.34618395
Eucalyptus subangusta,4.568452386983803,18.613555555555592,337.3835555555556,0,21.635555555555555,117.3
Eucalyptus subcrenulata,29.931972717752263,7.550000000000031,1636.4057692307692,0,12.576923076923077,146.2464395
Eucalyptus suberea,4.666666702790693,18.895454545454584,562.6363636363636,0,21.363636363636363,115.3
Eucalyptus subtilis,8.925925943586561,16.694444444444475,370.31111111111113,0,18.666666666666668,121.3722222
Eucalyptus suffulgens,23.523809644911026,20.55625000000003,755.9453125,0.984375,32.078125,149.73165
Eucalyptus suggrandis,5.746136875342059,15.946078431372584,395.4777777777778,0,21.235294117647058,119.5502778
Eucalyptus surgens,16,16.75000000000003,342.3,0,9,125.00612555000001
Eucalyptus sweedmaniana,8.666666746139526,15.975000000000037,539.85,0,20,122.4
Eucalyptus synandra,5.550724641136501,19.958695652173954,318.0130434782609,0,22,116.6
Eucalyptus talyuberlup,15.985507218734078,14.35869565217395,530.5304347826087,0,17.869565217391305,118
Eucalyptus tardecidens,13.67320268761878,23.6166666666667,1050.0588235294117,1,32.627450980392155,144.8333
Eucalyptus taurina,33.095237731933594,17.835714285714328,866.7428571428571,1,41.285714285714285,152.1202495
Eucalyptus tectifica,8.02564102389437,27.002517985611544,1118.3546762589929,0.960431654676259,20.37769784172662,131.5089636
Eucalyptus tenella,16.852941204519833,14.017647058823563,842.6264705882353,1,39.088235294117645,150.11
Eucalyptus tenera,5.200757584788582,16.95337078651689,355.95000000000005,0,21.230337078651687,119.44930554999999
Eucalyptus tenuipes,17.16498319067136,20.613636363636395,674.3606060606061,1,31.78787878787879,149.95
Eucalyptus tenuiramis,17.994047658784048,11.428260869565252,720.2246376811595,0.014492753623188406,9.971014492753623,147.35104
Eucalyptus tenuis,6.238095206873758,17.11785714285718,347.27857142857147,0,20.5,120.55055
Eucalyptus tephroclada,4.158333349227905,17.105000000000036,346.285,0,21.45,118.72130419999999
Eucalyptus tephrodes,9.557575676657937,26.513636363636397,620.0872727272728,0.9818181818181818,19.6,127.5667
Eucalyptus terebra,10.010752724063012,16.7661290322581,362.3387096774194,0,18.35483870967742,123.33
Eucalyptus tereticornis,23.691911361316993,18.668759018759054,927.9582972582973,0.9538239538239538,32.98268398268398,150.77
Eucalyptus terrica,22.454545483444676,17.828787878787917,678.9969696969697,1,36.878787878787875,151.45
Eucalyptus tetrapleura,26.62500003973643,18.60000000000003,1173.5333333333333,1,37.75,152.97293095
Eucalyptus tetraptera,9.898305092827748,15.940322580645196,483.8661290322581,0,19.306451612903224,120.214057
Eucalyptus tetrodonta,7.765911527436142,26.34174311926609,1288.6321100917432,0.9296636085626911,22.204892966360855,133.735
Eucalyptus thamnoides,7.500000027900047,15.303608247422714,445.39896907216496,0,19.278350515463917,118.0208333
Eucalyptus tholiformis,17.960451946420186,20.672033898305116,645.3864406779661,1,29.593220338983052,147.7331
Eucalyptus thozetiana,13.01909718538324,21.908333333333363,496.93645833333335,0.671875,24.510416666666668,146.31665
Eucalyptus tindaliae,24.24586292699719,19.07816901408454,1353.4570422535212,1,38.5,152.73789775
Eucalyptus tintinnans,9.860000004768372,26.85200000000003,1285.3580000000002,1,22.14,132.07611455
Eucalyptus todtiana,5.372727277062156,18.81428571428575,568.6446428571429,0.008928571428571428,20.9375,115.6559445
Eucalyptus torquata,7.800000010596381,17.878888888888927,314.37111111111113,0,20.644444444444446,121.5786767
Eucalyptus tortilis,6.862068998402562,17.063333333333365,350.9866666666667,0,18.7,121.68064445
Eucalyptus transcontinentalis,6.203703674059065,17.926744186046545,322.17209302325585,0,20.488372093023255,121.15
Eucalyptus tricarpa,16.5180724155472,14.335057471264404,737.6655172413793,0.9310344827586207,29.735632183908045,146.80278
Eucalyptus triflora,19.09803934658275,12.761764705882385,974.7588235294118,1,32.76470588235294,150.1333333
Eucalyptus trivalva,13.416969687721947,21.862635379061405,308.65379061371846,0.148014440433213,16.9927797833935,128.476389
Eucalyptus tumida,6.583333338561811,16.124025974026004,474.03376623376624,0,19.90909090909091,122
Eucalyptus ultima,13.066666507720948,23.480000000000036,261.76,0.9,13,113.99168335
Eucalyptus umbra,21.395480155944824,17.892857142857174,1164.0111111111112,0.9523809523809523,33.698412698412696,152.0533333
Eucalyptus umbrawarrensis,6.711442787255814,26.56791044776123,1084.876119402985,1,20.91044776119403,132.2167
Eucalyptus uncinata,7.767596317002498,15.834090909090943,454.8685606060606,0,19.393939393939394,120.01668335
Eucalyptus urna,7.23383084873655,16.800735294117683,345.67573529411766,0,20.316176470588236,120.66668335
Eucalyptus urnigera,31.216666841506957,8.44500000000003,837.45,0,12.65,147.1677095
Eucalyptus utilis,11.366666650772094,16.439655172413826,537.4137931034483,0,11.551724137931034,120.215945
Eucalyptus valens,6.048780487804878,16.397619047619077,398.5,0,19.928571428571427,121.65833334999999
Eucalyptus varia,6.809523781140645,16.102380952380983,538.1571428571428,0,19.976190476190474,122.075
Eucalyptus vegrandis,8.541666643960136,15.09137931034486,416.86724137931037,0,19.413793103448278,118.25835000000001
Eucalyptus vernicosa,33.436363740400836,8.24824561403512,2096.6701754385967,0,10.964912280701755,146.167718
Eucalyptus verrucata,27.393939365040172,11.640909090909123,710.7181818181818,1,32.63636363636363,142.4586
Eucalyptus vesiculosa,8.800000095367432,15.53000000000004,467.14000000000004,0,15,118.7
Eucalyptus vicina,14.306201524512712,17.29883720930236,424.83139534883725,0.8953488372093024,27.872093023255815,146.35835
Eucalyptus victoriana,33.99999952316284,11.225000000000037,778.225,1,33.25,142.325
Eucalyptus victrix,10.021786468480927,24.902733118971096,349.14758842443734,0.4758842443729904,16.083601286173632,123.35
Eucalyptus viminalis,19.528378384822123,13.101728553137038,779.2192061459667,0.7618437900128041,28.206145966709347,146.6167
Eucalyptus virens,20.694444179534912,18.90833333333337,690.2416666666667,1,32.25,150.74887504999998
Eucalyptus virginea,12.833333253860474,15.525000000000034,950.425,0,15.5,117.3
Eucalyptus viridis,16.158415836863,16.972772277227758,489.2321782178218,0.7871287128712872,31.668316831683168,146.40665
Eucalyptus vittata,5.7539682274773005,17.866666666666703,329.82738095238096,0,20.583333333333332,119.85835
Eucalyptus vokesensis,12.701754319040399,19.59210526315793,229.4263157894737,0,13.68421052631579,130.5844337
Eucalyptus volcanica,35.33333339691162,14.430000000000035,829.0300000000001,1,35.4,149.58845
Eucalyptus wandoo,6.093701997660272,16.77889908256884,519.7376146788991,0,20.19724770642202,116.78638889999999
Eucalyptus websteriana,7.794871816268334,17.812962962963002,315.41481481481486,0,20.037037037037038,121.7
Eucalyptus whitei,9.651851834191216,23.645555555555593,651.7511111111112,1,22.988888888888887,144.58420605
Eucalyptus wilcoxii,26.70370366838243,12.90555555555559,792.8666666666667,1,31.555555555555557,149.65
Eucalyptus williamsiana,29.68627436020795,13.197058823529447,1034.4411764705883,1,38.73529411764706,152.19168335
Eucalyptus willisii,17.169590665583026,13.605737704918067,810.4819672131148,0.9180327868852459,25.688524590163933,145.1833333
Eucalyptus wimmerensis,20.05660382756647,14.733018867924562,463.1698113207547,0.24528301886792453,34.735849056603776,141.4333
Eucalyptus woodwardii,7.428571428571429,18.250000000000032,289.8571428571429,0,15.571428571428571,123.2167
Eucalyptus woollsiana,16.521126770637405,18.85422535211271,602.8049295774648,1,32.08450704225352,149.7508396
Eucalyptus wubinensis,5.123188433439835,19.00744680851067,326.3829787234043,0,22.53191489361702,116.9552778
Eucalyptus wyolensis,14.33333342415946,19.664285714285743,226.24285714285716,0,13.285714285714286,130.25
Eucalyptus x macmahonii,18.300000190734863,14.500000000000039,439.03000000000003,0.1,36.8,141.7271
Eucalyptus xanthonema,9.602150455597908,15.085483870967778,437.8887096774194,0,19.258064516129032,118.22335000000001
Eucalyptus xerothermica,11.745614020447983,24.820512820512853,344.29102564102567,0.782051282051282,14.26923076923077,117.51793334999999
Eucalyptus yalatensis,17.29145730080916,16.872705314009693,333.4371980676329,0.033816425120772944,17.685990338164252,131.5
Eucalyptus yarraensis,15.973118366733674,12.732258064516163,750.8870967741935,1,32,144.192217
Eucalyptus yilgarnensis,5.794642836919853,18.086123348017658,320.1325991189427,0,20.537444933920703,119.8594972
Eucalyptus youmanii,26.948979475060288,14.410606060606094,829.8555555555556,1,39.61616161616162,151.6358333
Eucalyptus youngiana,10.850746297124607,20.000000000000036,248.74402985074627,0,15.104477611940299,129.67528140000002
Eucalyptus yumbarrana,11.401515180414373,17.490909090909128,279.48636363636365,0,19.522727272727273,134.6333
Eucalyptus zopherophloia,5.9242424097928135,20.050000000000036,426.54347826086956,0.17391304347826086,18.391304347826086,115
